,name,price,origin,year,date,mileage,energy,gearbox,color,ratedHorsePower,powerDIN,consumption,brand,model
1,107,25330.0,0,2022.0,510,34289,4,0,102,7,131,5.7,6,103
2,288,39650.0,0,2024.0,500,1,4,0,54,7,130,5.7,28,20
3,341,13900.0,0,2021.0,699,74517,3,1,102,4,86,4.2,30,145
6,239,40320.0,0,2021.0,924,36848,4,0,72,11,192,5.7,24,152
8,359,11340.0,0,2013.0,473,136890,4,1,50,7,130,6.4,30,341
13,313,336380.0,1,2020.0,84,9048,4,0,56,44,520,13.2,29,42
14,44,151120.0,0,2020.0,944,51667,4,0,102,52,600,11.5,2,330
21,353,20610.0,0,2021.0,35,81750,3,1,102,6,116,4.5,30,257
23,103,17900.0,0,2022.0,714,34570,4,1,49,4,83,5.6,6,99
24,214,33340.0,0,2020.0,907,41389,4,0,64,9,163,5.4,22,131
27,331,114720.0,1,2021.0,612,37700,4,0,88,24,354,10.7,29,251
31,358,9590.0,0,2011.0,2,104539,2,1,70,7,110,5.9,30,340
36,112,29100.0,0,2021.0,74,20065,3,0,102,6,131,4.1,6,108
39,141,21400.0,0,2018.0,284,112991,0,1,102,8,136,11.2,11,163
40,11,42480.0,0,2021.0,179,98883,3,0,102,8,150,4.9,2,60
43,338,12490.0,0,2019.0,526,88833,3,1,102,4,90,3.5,30,117
44,364,30430.0,0,2016.0,663,37940,3,1,102,7,125,5.3,30,396
46,311,140270.0,0,2017.0,749,68913,4,0,65,30,420,8.8,29,40
48,177,38920.0,0,2019.0,167,74614,3,0,49,11,195,4.9,15,122
53,337,26520.0,0,2023.0,587,7418,4,0,86,7,140,5.9,30,116
55,207,40580.0,0,2022.0,961,72384,3,0,49,10,190,5.1,22,124
56,338,14610.0,0,2020.0,108,57578,3,1,102,5,90,4.2,30,117
57,312,155130.0,0,2017.0,923,32100,4,0,88,39,476,12.4,29,41
59,95,17640.0,0,2020.0,673,70469,3,1,49,5,99,4.0,6,85
60,78,37360.0,0,2020.0,743,52178,4,0,102,10,192,5.7,4,412
61,87,71230.0,0,2020.0,27,53880,3,0,102,16,265,6.1,4,421
63,281,35940.0,0,2020.0,366,89937,3,0,102,6,131,4.0,28,13
67,345,22770.0,0,2020.0,351,69397,3,1,64,6,120,5.8,30,215
68,414,23190.0,0,2020.0,156,158175,3,0,102,8,150,4.8,36,378
69,341,17380.0,0,2020.0,463,55583,4,1,102,5,101,4.4,30,145
71,432,32540.0,0,2016.0,865,115918,3,0,102,11,190,5.1,37,426
72,287,33860.0,0,2023.0,922,3051,3,0,29,7,131,4.6,28,19
74,32,45480.0,0,2019.0,852,67146,3,0,102,11,190,4.8,2,298
76,407,41990.0,1,2023.0,825,2609,4,0,60,8,150,5.7,36,209
77,398,56970.0,0,2024.0,624,1368,3,0,102,7,177,9.8,36,153
78,385,24140.0,0,2023.0,578,34340,4,1,102,6,110,5.2,32,339
82,96,14930.0,0,2020.0,450,166901,3,1,4,5,131,4.4,6,86
83,124,30670.0,0,2024.0,634,11,3,1,49,6,115,5.3,8,167
84,354,18680.0,0,2021.0,153,35748,3,1,102,6,116,3.9,30,258
85,369,18340.0,0,2019.0,358,98183,4,1,54,6,115,5.3,31,81
87,275,17960.0,0,2018.0,653,141396,4,0,102,6,110,4.1,28,5
89,6,36090.0,0,2023.0,662,14348,4,0,29,6,110,5.8,2,54
99,319,263130.0,1,2022.0,47,8424,4,0,102,34,450,10.7,29,48
102,294,33380.0,0,2021.0,280,103552,3,0,49,6,131,4.0,28,30
105,334,30230.0,0,2022.0,510,39853,4,0,86,7,140,5.8,30,75
107,274,31350.0,0,2021.0,145,43105,4,0,3,7,131,6.1,28,4
111,123,20820.0,0,2020.0,843,54421,4,1,102,8,150,6.0,8,166
112,317,181330.0,1,2020.0,12,23220,4,0,102,34,450,8.9,29,46
113,328,68880.0,0,2019.0,328,113632,4,0,54,23,340,7.9,29,120
114,338,19780.0,0,2019.0,51,24299,4,0,102,8,150,4.6,30,117
117,16,33920.0,0,2018.0,605,120175,4,0,72,15,252,5.6,2,65
118,29,51680.0,1,2023.0,608,55,3,0,46,8,150,5.4,2,295
119,26,37960.0,0,2020.0,417,75074,4,0,102,11,190,6.6,2,292
121,112,28840.0,0,2021.0,911,19886,3,0,102,6,131,4.1,6,108
122,103,16370.0,0,2023.0,407,13560,4,1,102,4,83,5.3,6,99
123,278,17750.0,0,2022.0,487,23581,4,1,49,4,75,5.3,28,8
125,386,34130.0,0,2021.0,835,51606,3,0,102,8,150,5.1,32,374
126,357,12680.0,0,2020.0,436,84453,3,1,102,5,95,3.9,30,261
127,112,29100.0,0,2021.0,74,20065,3,0,102,6,131,4.1,6,108
129,275,23540.0,0,2018.0,705,30779,3,1,102,5,99,3.3,28,5
130,287,17060.0,0,2022.0,572,159731,3,1,102,7,131,4.6,28,19
131,274,26440.0,0,2022.0,716,29912,4,0,102,7,131,5.9,28,4
132,421,36580.0,0,2019.0,83,33550,4,0,102,8,150,6.1,36,388
133,252,18210.0,0,2023.0,542,9380,4,1,50,5,93,5.3,26,263
134,262,29950.0,0,2024.0,415,344,4,0,88,7,131,6.3,27,155
135,113,33800.0,0,2024.0,642,1,3,1,64,7,131,4.9,6,109
136,98,15680.0,0,2020.0,512,99937,3,1,102,5,102,4.0,6,94
137,11,41960.0,0,2023.0,867,15561,3,0,86,8,150,4.6,2,60
138,103,18000.0,0,2021.0,641,30268,3,1,102,5,102,4.2,6,99
140,340,17280.0,0,2019.0,722,114464,4,0,48,6,118,4.5,30,144
143,165,52180.0,0,2017.0,298,46400,4,0,102,33,422,8.7,12,269
145,22,47710.0,0,2022.0,88,54735,3,0,64,11,204,5.4,2,71
148,112,28840.0,0,2021.0,911,19886,3,0,102,6,131,4.1,6,108
149,113,37270.0,0,2023.0,374,11,4,0,86,7,131,6.5,6,109
150,70,41020.0,0,2018.0,293,75712,4,0,102,15,252,5.2,4,359
154,278,21940.0,0,2022.0,586,60468,3,1,102,5,102,4.2,28,8
155,27,28650.0,0,2023.0,922,18560,4,1,102,6,110,5.8,2,293
157,26,34180.0,0,2019.0,205,75282,3,0,102,8,150,4.5,2,292
158,260,18740.0,1,2021.0,18,26582,4,1,75,4,75,5.4,27,150
159,72,60860.0,1,2022.0,71,11845,4,0,88,10,184,6.6,4,361
160,192,53480.0,0,2018.0,250,138993,3,0,102,16,259,6.4,17,320
161,113,43270.0,0,2023.0,636,12,3,0,54,7,131,5.2,6,109
162,109,11280.0,0,2014.0,10,187470,3,1,102,7,150,3.8,6,105
169,173,36780.0,0,2020.0,640,76809,3,0,86,9,150,6.0,14,169
171,274,29290.0,0,2021.0,194,30265,3,0,92,7,131,4.9,28,4
172,193,35390.0,0,2015.0,933,141930,3,0,82,16,259,6.7,17,321
174,51,29140.0,0,2014.0,567,167292,3,0,102,20,313,6.6,2,371
175,374,28850.0,0,2018.0,295,83455,4,1,102,19,301,5.7,31,246
177,209,20570.0,0,2019.0,683,67873,4,1,102,6,122,4.3,22,126
178,112,30490.0,0,2020.0,152,67426,3,0,49,6,131,4.1,6,108
181,255,15410.0,0,2017.0,745,101135,4,1,102,6,116,5.2,26,302
182,232,135580.0,0,2021.0,962,65490,3,0,102,22,331,8.0,22,200
183,346,22740.0,0,2020.0,707,31084,4,1,102,8,140,5.9,30,237
185,344,24100.0,1,2023.0,890,12,3,1,102,5,75,5.1,30,173
186,44,143940.0,0,2021.0,594,37014,4,0,64,52,600,11.5,2,330
187,260,18440.0,0,2022.0,333,68782,4,1,54,5,100,5.5,27,150
189,317,175320.0,1,2021.0,129,31339,4,0,60,27,385,10.3,29,46
190,331,75040.0,1,2020.0,53,67200,4,0,102,15,245,8.1,29,251
191,116,33910.0,0,2023.0,69,22459,3,0,26,7,130,5.1,6,213
194,286,23730.0,0,2019.0,342,64765,4,0,102,7,131,5.4,28,18
199,416,41450.0,0,2023.0,132,36451,3,0,102,8,150,4.9,36,380
205,203,31230.0,0,2018.0,796,38744,4,1,72,9,160,6.6,21,272
207,274,30230.0,0,2024.0,176,1,4,0,94,7,130,6.0,28,4
208,108,13420.0,0,2015.0,515,144893,3,1,66,6,116,3.8,6,104
209,370,27280.0,0,2022.0,253,53047,3,1,86,8,150,5.1,31,82
211,396,85020.0,0,2023.0,842,26,3,0,102,7,150,7.8,36,111
212,11,39780.0,0,2023.0,795,18795,3,0,102,8,150,4.6,2,60
213,47,40230.0,0,2017.0,298,18055,4,0,86,19,300,6.9,2,333
215,130,15710.0,0,2022.0,304,1694,4,1,102,4,67,5.3,8,338
216,369,32000.0,0,2021.0,286,19569,4,0,102,8,150,7.0,31,81
217,156,7380.0,0,2009.0,82,116070,3,1,72,6,109,3.8,12,185
221,28,29250.0,1,2018.0,660,108768,3,0,29,8,150,4.4,2,294
222,37,72590.0,1,2020.0,38,44523,4,0,102,25,367,6.3,2,323
225,57,27260.0,1,2020.0,480,49594,3,1,88,6,116,4.6,4,346
226,103,17100.0,0,2023.0,285,11,4,1,99,4,83,5.4,6,99
232,388,19060.0,0,2019.0,706,15345,4,0,54,4,90,3.6,33,192
233,205,31720.0,0,2019.0,680,51284,4,1,102,10,184,6.9,21,274
234,205,40200.0,0,2020.0,535,20048,4,1,102,10,184,6.9,21,274
235,301,23280.0,0,2018.0,560,154309,3,1,102,7,150,4.9,28,172
237,98,19190.0,0,2022.0,518,61704,4,1,102,6,110,5.9,6,94
238,19,58220.0,1,2019.0,687,44240,4,0,69,22,340,5.8,2,68
239,116,31780.0,0,2023.0,542,30174,3,0,32,7,130,5.1,6,213
240,274,32180.0,0,2023.0,703,22388,4,0,66,7,131,5.9,28,4
241,331,104440.0,0,2021.0,889,41523,4,0,64,33,440,11.4,29,251
246,369,19780.0,0,2020.0,538,71719,4,1,64,6,116,5.4,31,81
247,39,49330.0,0,2014.0,629,102438,4,0,102,35,450,8.5,2,325
248,417,31290.0,0,2023.0,693,8532,4,0,102,8,150,6.1,36,381
250,279,13420.0,1,2020.0,948,77904,4,1,50,4,82,4.7,28,9
252,30,54100.0,0,2023.0,118,23801,4,0,36,8,150,6.6,2,296
253,429,26100.0,1,2019.0,550,118927,3,1,84,8,150,4.8,37,407
254,161,23620.0,0,2020.0,863,61754,4,1,102,7,125,5.9,12,211
257,418,18120.0,0,2011.0,29,117000,4,0,72,12,200,8.5,36,385
259,67,50800.0,0,2021.0,968,69817,3,0,64,10,190,4.6,4,356
260,431,47860.0,0,2020.0,65,83824,3,0,102,10,190,4.9,37,425
262,103,16780.0,0,2023.0,963,11,4,1,86,4,83,5.4,6,99
267,282,26390.0,1,2022.0,421,67840,4,0,60,7,130,6.5,28,14
268,209,29500.0,0,2019.0,277,66031,3,0,102,5,109,3.6,22,126
271,126,27340.0,0,2024.0,936,11,4,1,63,6,110,5.6,8,233
272,340,16480.0,0,2019.0,502,71272,3,0,102,5,90,3.9,30,144
273,205,29010.0,0,2017.0,927,28407,4,1,102,9,160,6.6,21,274
275,330,45590.0,1,2015.0,210,178980,3,0,102,16,258,6.1,29,250
277,241,27120.0,0,2020.0,841,38847,4,0,54,7,136,5.0,24,226
280,112,28840.0,0,2021.0,911,19886,3,0,102,6,131,4.1,6,108
282,103,19530.0,0,2022.0,85,51458,4,1,49,4,83,5.7,6,99
284,279,15100.0,0,2016.0,457,39918,4,1,102,5,110,3.8,28,9
286,128,14250.0,0,2019.0,16,56556,3,1,102,4,90,3.8,8,336
288,108,14160.0,0,2016.0,89,129905,3,0,102,6,120,3.6,6,104
289,330,53930.0,0,2017.0,877,43585,4,0,64,15,252,7.2,29,250
291,330,54200.0,0,2017.0,566,115147,4,0,102,23,340,7.4,29,250
295,12,27540.0,0,2020.0,888,86504,3,0,102,7,150,4.3,2,61
299,284,15640.0,0,2017.0,50,105967,4,1,64,6,131,3.8,28,16
301,240,19150.0,0,2019.0,134,87098,4,1,94,7,136,5.4,24,225
303,377,33300.0,0,2020.0,944,92457,3,0,49,8,150,5.6,31,384
304,132,18700.0,0,2019.0,568,87469,4,1,102,5,110,3.8,9,11
310,262,20040.0,0,2022.0,814,9890,4,1,102,6,110,5.8,27,155
312,407,28880.0,0,2023.0,520,41313,4,1,86,7,130,5.4,36,209
313,78,30950.0,0,2021.0,363,54379,4,0,102,7,140,6.7,4,412
315,376,30940.0,0,2021.0,879,46547,4,1,94,8,150,5.9,31,248
316,394,37070.0,0,2021.0,308,56180,3,0,102,10,190,6.3,36,78
317,239,34480.0,1,2018.0,801,62675,3,0,100,11,190,4.9,24,152
318,279,22380.0,0,2020.0,955,25911,4,0,102,5,101,4.9,28,9
319,103,17530.0,0,2023.0,169,15316,4,1,102,4,83,5.3,6,99
320,211,59980.0,0,2021.0,813,34402,4,0,102,20,306,7.9,22,128
321,167,22890.0,0,2022.0,36,30321,4,1,102,6,125,5.3,12,291
322,331,101590.0,0,2021.0,513,39385,4,0,64,33,440,9.7,29,251
326,107,28220.0,0,2023.0,433,26046,3,0,86,7,131,4.6,6,103
331,139,19290.0,0,2020.0,831,89651,4,1,102,6,120,5.8,11,28
333,149,15240.0,0,2019.0,901,88870,4,1,102,7,125,5.7,12,92
335,317,223600.0,1,2021.0,348,9401,4,0,90,34,450,10.4,29,46
339,253,20700.0,0,2018.0,920,89157,3,1,102,8,110,7.7,26,276
340,230,49330.0,0,2020.0,197,121900,3,0,102,14,245,7.3,22,198
341,291,13760.0,0,2008.0,24,73715,3,0,60,13,204,6.5,28,23
342,421,41520.0,0,2020.0,894,56719,4,0,102,8,150,7.0,36,388
344,32,50380.0,0,2019.0,750,41710,4,0,102,15,252,6.3,2,298
346,15,58900.0,0,2023.0,674,22575,3,0,64,11,204,5.2,2,64
347,316,163680.0,0,2017.0,947,45513,4,0,81,30,420,8.9,29,45
349,137,15150.0,0,2020.0,314,57476,4,1,102,4,69,4.3,11,26
351,249,18610.0,0,2014.0,864,149721,3,1,102,8,150,4.7,25,278
353,116,23270.0,0,2020.0,918,91611,4,1,64,7,131,5.0,6,213
354,340,14150.0,0,2020.0,187,78720,4,1,69,5,90,5.0,30,144
355,348,30560.0,0,2019.0,309,51636,3,1,102,6,150,9.3,30,252
357,407,46390.0,1,2022.0,400,22610,3,0,89,11,200,5.2,36,209
358,365,42740.0,0,2024.0,242,1,3,1,49,7,150,6.7,30,397
360,110,14150.0,0,2020.0,829,139520,3,1,72,6,131,4.0,6,106
361,29,40310.0,0,2021.0,399,44255,3,0,102,8,150,5.9,2,295
366,288,39940.0,0,2023.0,982,11,3,0,102,7,130,4.5,28,20
367,430,30910.0,0,2021.0,418,21156,4,1,102,7,129,7.0,37,424
368,330,89990.0,1,2019.0,51,30210,4,0,102,33,441,8.0,29,250
369,387,6020.0,0,2011.0,258,148555,4,0,102,4,71,4.0,33,191
370,131,39910.0,0,2023.0,833,12,4,0,54,7,130,6.0,9,10
371,274,26860.0,0,2021.0,431,29972,4,0,102,7,131,5.9,28,4
372,221,47840.0,0,2020.0,159,70676,3,0,102,10,195,4.9,22,138
374,317,201540.0,1,2021.0,263,27032,4,0,46,34,450,10.4,29,46
377,350,11670.0,0,2012.0,555,73800,4,1,66,7,131,6.3,30,254
381,103,16220.0,0,2023.0,203,13348,4,1,3,4,83,5.4,6,99
382,102,14960.0,0,2020.0,81,49978,4,1,102,5,110,4.7,6,98
384,187,26310.0,0,2023.0,873,9619,4,1,102,6,120,5.2,16,372
385,112,28580.0,0,2021.0,148,19707,3,0,102,6,131,4.1,6,108
386,102,11640.0,0,2018.0,158,120132,3,1,102,4,75,2.9,6,98
388,116,27540.0,0,2023.0,674,19957,3,0,102,7,130,5.1,6,213
392,201,32380.0,0,2020.0,779,83485,3,0,102,10,184,5.5,21,159
394,260,19520.0,0,2022.0,114,45970,4,1,94,5,100,5.5,27,150
397,103,15660.0,0,2022.0,185,53742,4,1,86,4,83,5.8,6,99
398,390,18360.0,0,2020.0,219,42530,4,1,57,8,140,5.9,34,376
402,417,31840.0,0,2022.0,563,26568,4,0,102,6,110,5.9,36,381
403,341,16780.0,0,2021.0,4,72594,3,1,102,5,116,4.2,30,145
404,88,76780.0,0,2018.0,582,120000,4,0,102,49,575,11.1,4,422
405,101,12070.0,0,2017.0,113,123649,4,1,102,5,110,3.8,6,97
406,210,26140.0,0,2019.0,756,69480,3,0,102,6,116,4.0,22,127
409,294,29410.0,0,2020.0,25,97653,3,1,49,6,130,4.1,28,30
410,78,37270.0,1,2022.0,206,32499,4,0,88,7,136,6.5,4,412
412,274,24280.0,0,2023.0,297,9198,4,1,102,5,101,5.4,28,4
413,343,16970.0,0,2016.0,819,151620,3,0,102,8,161,4.4,30,171
414,61,28540.0,0,2021.0,838,72748,3,0,102,6,116,5.1,4,350
415,278,34980.0,0,2023.0,896,5215,4,0,94,7,131,5.3,28,8
416,430,33990.0,0,2020.0,100,98450,3,0,88,8,150,5.4,37,424
419,324,70060.0,0,2017.0,900,30284,4,0,88,17,265,8.4,29,89
420,294,32850.0,0,2020.0,878,70707,4,0,8,10,181,5.6,28,30
423,98,17380.0,0,2021.0,861,68351,3,1,102,5,102,4.7,6,94
427,13,33910.0,0,2020.0,482,73542,4,0,86,10,190,5.9,2,62
428,284,16970.0,0,2016.0,133,64645,4,0,102,7,131,4.1,28,16
429,410,24360.0,0,2022.0,236,6221,4,0,102,5,95,5.9,36,288
431,308,299580.0,0,2023.0,478,4107,4,0,64,40,500,13.2,29,37
437,26,24360.0,0,2019.0,680,126597,3,0,102,6,116,4.2,2,292
438,267,34080.0,1,2023.0,301,23,4,0,60,7,130,5.9,27,267
440,273,13890.0,0,2016.0,556,126941,4,1,102,7,131,4.1,28,3
441,107,33860.0,1,2022.0,106,12,3,0,60,7,131,4.6,6,103
442,32,39970.0,0,2018.0,571,79052,3,0,102,9,163,5.0,2,298
443,410,19580.0,0,2019.0,491,66832,4,0,102,5,95,4.1,36,288
446,318,288030.0,1,2023.0,608,8475,4,0,75,34,480,11.0,29,47
447,131,30450.0,0,2022.0,525,54084,3,0,102,7,131,5.0,9,10
450,267,26430.0,0,2022.0,654,11347,4,1,75,5,101,5.6,27,267
451,372,13130.0,0,2017.0,847,105164,4,1,50,4,75,5.2,31,224
454,74,30760.0,0,2020.0,611,99739,3,0,66,10,190,4.3,4,363
455,281,29630.0,0,2021.0,222,67007,4,0,102,6,131,6.7,28,13
456,241,24520.0,0,2018.0,232,51594,4,0,88,7,136,4.7,24,226
458,23,64200.0,0,2019.0,698,51373,3,0,102,17,286,5.8,2,72
460,331,73650.0,0,2020.0,3,53868,4,0,86,15,245,10.0,29,251
461,91,60300.0,0,2020.0,60,41496,4,0,102,23,340,7.4,4,429
462,210,38830.0,0,2020.0,53,99845,4,0,64,13,224,6.6,22,127
463,366,14860.0,0,2022.0,570,23776,4,1,102,4,65,5.2,30,402
466,244,40110.0,0,2020.0,188,26734,4,0,86,13,231,6.4,24,229
467,279,13160.0,0,2017.0,322,41250,4,1,59,4,68,4.4,28,9
470,393,15790.0,0,2017.0,534,112921,4,0,102,8,147,5.4,35,408
471,103,24170.0,0,2023.0,548,3588,4,0,18,6,110,5.9,6,99
472,206,14620.0,0,2017.0,221,63893,3,1,69,5,90,4.2,22,123
473,329,107980.0,1,2020.0,810,24624,4,0,88,23,340,9.0,29,121
474,43,87280.0,0,2017.0,147,82800,4,0,102,52,605,7.4,2,329
475,301,34690.0,0,2023.0,883,224,3,1,102,5,120,6.6,28,172
476,411,34380.0,0,2023.0,72,6393,4,0,69,11,207,6.8,36,289
479,275,16220.0,0,2019.0,960,84580,3,1,102,4,75,3.3,28,5
480,341,16610.0,0,2022.0,241,47824,4,1,102,5,91,5.2,30,145
481,57,36770.0,1,2022.0,709,10743,4,1,60,7,136,6.0,4,346
482,278,31650.0,0,2024.0,577,1160,4,0,102,7,130,5.3,28,8
486,104,15240.0,0,2018.0,270,124306,3,1,66,6,114,4.2,6,100
488,79,51350.0,0,2020.0,228,40248,4,0,102,19,306,6.9,4,413
495,349,40570.0,0,2024.0,428,1,3,1,49,8,135,13.0,30,253
496,173,29260.0,0,2020.0,504,110688,3,1,102,8,150,4.7,14,169
501,33,86780.0,0,2023.0,94,12,3,0,86,11,204,6.4,2,299
504,243,31390.0,0,2019.0,522,23998,4,0,66,10,192,5.0,24,228
505,57,30450.0,0,2020.0,446,56489,3,1,64,6,116,3.8,4,346
507,63,11890.0,0,2008.0,183,171360,4,1,60,8,129,7.3,4,352
508,278,28540.0,0,2024.0,43,1190,4,0,102,5,101,5.4,28,8
513,215,11080.0,0,2009.0,231,193011,3,1,102,8,136,6.1,22,132
514,414,23850.0,0,2020.0,422,50515,3,1,102,6,116,4.3,36,378
515,345,21410.0,0,2019.0,656,99426,3,1,102,7,131,4.2,30,215
516,323,70680.0,0,2006.0,638,106680,4,1,102,26,355,8.4,29,52
518,424,36860.0,0,2021.0,895,73938,3,0,102,8,150,5.6,36,394
519,186,21320.0,0,2017.0,618,76875,4,1,49,7,132,5.4,16,369
521,383,42120.0,0,2023.0,472,20274,3,0,102,8,150,5.3,32,242
525,396,91600.0,1,2024.0,382,119,3,0,102,7,150,8.0,36,111
526,130,15840.0,0,2022.0,364,1708,4,1,102,4,67,5.3,8,338
529,279,13670.0,0,2020.0,541,97389,4,0,102,6,110,4.9,28,9
530,304,17960.0,0,2021.0,220,92419,3,1,102,5,102,4.1,28,284
533,146,14260.0,0,2020.0,942,125087,4,1,102,6,95,6.4,11,392
534,32,38910.0,0,2017.0,485,146034,3,0,49,18,286,5.7,2,298
535,314,189550.0,1,2019.0,754,31065,4,0,102,34,450,7.3,29,43
539,260,23240.0,0,2022.0,654,93644,4,0,15,7,131,5.6,27,150
540,271,7400.0,0,2006.0,590,86640,4,0,88,6,109,6.6,28,1
541,235,105330.0,0,2016.0,596,52170,4,0,102,41,510,9.4,23,218
542,64,47440.0,0,2011.0,753,128255,4,1,102,33,420,9.6,4,353
543,274,28650.0,0,2024.0,149,1220,4,1,102,5,101,5.4,28,4
544,337,24180.0,0,2022.0,685,26065,1,1,102,5,101,7.7,30,116
546,53,19820.0,1,2008.0,336,166160,4,0,102,17,250,9.5,2,400
547,133,37840.0,0,2020.0,456,53426,4,0,102,9,181,5.9,9,35
548,366,12970.0,0,2021.0,380,40091,4,1,96,4,73,5.4,30,402
549,288,31480.0,0,2024.0,734,1050,3,0,102,7,131,4.9,28,20
554,260,17170.0,0,2022.0,622,23872,4,1,102,5,101,5.3,27,150
555,281,28480.0,0,2020.0,184,82322,3,0,102,6,131,4.0,28,13
557,346,20980.0,0,2020.0,523,55287,3,0,102,6,116,4.3,30,237
558,241,22220.0,0,2019.0,790,59985,3,0,102,6,116,4.0,24,226
559,278,20880.0,0,2022.0,613,54465,4,1,86,5,100,5.3,28,8
562,116,25090.0,0,2020.0,664,92068,4,0,102,7,131,5.2,6,213
564,346,22560.0,0,2022.0,385,42840,4,0,57,7,140,6.6,30,237
565,396,94280.0,0,2024.0,533,12,3,0,102,7,150,7.8,36,111
566,11,30450.0,0,2021.0,28,87457,3,1,36,6,116,4.4,2,60
569,288,33580.0,0,2024.0,969,1,4,0,64,7,130,5.7,28,20
574,317,213890.0,0,2021.0,35,36285,4,0,98,34,450,9.9,29,46
576,29,47720.0,0,2020.0,971,30815,4,0,102,8,150,5.8,2,295
579,281,23710.0,0,2019.0,756,102132,3,1,102,6,131,4.2,28,13
580,147,20720.0,0,2021.0,369,76406,3,1,102,6,120,5.1,11,393
581,278,25400.0,0,2022.0,601,39668,4,1,102,5,101,5.3,28,8
582,11,39880.0,0,2023.0,815,23518,4,0,86,8,150,5.6,2,60
586,278,25400.0,0,2023.0,186,12400,4,1,49,5,101,5.1,28,8
587,368,22840.0,0,2023.0,430,6412,4,1,102,5,95,5.3,31,77
590,282,46780.0,0,2023.0,327,12,4,0,64,7,130,6.4,28,14
591,78,32460.0,0,2020.0,97,60192,4,0,102,7,140,5.4,4,412
593,353,19320.0,0,2020.0,126,71463,3,0,102,6,116,4.1,30,257
596,57,45410.0,0,2024.0,771,5175,4,0,102,9,178,6.0,4,346
597,245,31730.0,0,2019.0,7,79638,4,0,102,13,231,5.7,24,230
598,311,171930.0,1,2018.0,796,43290,4,0,53,35,450,9.7,29,40
599,113,38380.0,0,2023.0,857,23784,3,0,102,7,131,5.2,6,109
600,318,164190.0,0,2020.0,532,27560,4,0,102,27,385,9.2,29,47
602,14,30020.0,0,2020.0,497,89242,3,0,102,7,150,4.4,2,63
603,158,17080.0,0,2019.0,177,96398,3,0,102,6,120,3.6,12,187
605,86,74400.0,1,2017.0,483,155620,4,0,102,49,575,11.1,4,420
606,338,16780.0,0,2020.0,424,96824,4,1,69,7,131,5.6,30,117
609,6,23500.0,0,2023.0,443,33880,4,1,49,5,95,5.6,2,54
610,278,20890.0,0,2021.0,404,51768,4,1,102,5,101,4.2,28,8
611,278,23300.0,0,2023.0,123,19864,3,1,102,5,102,4.0,28,8
612,430,45860.0,0,2021.0,74,54001,3,0,47,10,190,6.4,37,424
613,56,21090.0,0,2020.0,930,87771,3,1,69,5,95,4.2,4,345
616,209,19850.0,0,2019.0,516,65512,4,1,102,6,122,4.3,22,126
618,41,120840.0,0,2021.0,752,28672,4,0,102,34,450,9.6,2,327
622,281,24180.0,0,2018.0,479,55990,3,1,102,6,120,3.5,28,13
623,218,45510.0,0,2020.0,368,68445,3,0,102,10,195,4.4,22,135
626,406,21230.0,0,2020.0,212,112163,3,1,102,6,116,4.1,36,208
628,338,13680.0,0,2020.0,611,83437,3,1,102,5,90,4.2,30,117
631,115,15460.0,0,2012.0,360,69812,3,0,102,6,112,4.8,6,212
632,143,6400.0,0,2006.0,243,110055,4,1,102,4,60,4.8,11,281
634,103,16290.0,0,2023.0,551,10721,4,1,4,4,83,5.3,6,99
638,260,18710.0,0,2022.0,367,35698,4,1,75,5,101,5.2,27,150
641,300,36540.0,0,2022.0,172,10185,3,1,49,7,140,8.8,28,88
643,142,30460.0,0,2019.0,519,81995,3,1,102,8,177,5.8,11,164
644,341,17220.0,0,2020.0,592,144272,3,1,36,5,116,3.6,30,145
645,231,61760.0,0,2017.0,820,71043,4,0,102,29,390,10.5,22,199
646,112,31440.0,0,2020.0,934,76245,3,0,86,6,131,4.1,6,108
647,312,179780.0,0,2017.0,910,37200,4,0,88,39,476,12.4,29,41
649,267,29950.0,0,2023.0,935,11,4,1,102,7,130,5.5,27,267
650,17,53090.0,0,2023.0,693,13006,4,0,14,8,150,6.1,2,66
651,378,16080.0,0,2022.0,122,12840,4,1,102,3,60,5.6,32,178
652,289,34510.0,0,2023.0,430,31375,4,0,66,7,131,5.7,28,21
653,413,23620.0,0,2023.0,815,16060,4,1,102,6,110,5.8,36,377
654,151,17110.0,0,2015.0,725,123900,4,1,102,10,182,4.8,12,180
657,112,29360.0,0,2021.0,574,100474,3,1,64,6,131,4.1,6,108
658,424,25620.0,0,2018.0,345,140985,4,0,102,8,150,4.8,36,394
659,27,44340.0,0,2023.0,305,17391,3,0,102,8,150,5.0,2,293
661,227,32110.0,0,2020.0,17,79646,3,0,102,7,136,5.2,22,194
662,23,47440.0,0,2022.0,914,42770,3,0,86,9,163,5.7,2,72
663,223,37180.0,0,2017.0,103,51088,3,0,64,7,150,3.9,22,140
668,400,16490.0,0,2013.0,628,66000,4,0,72,7,122,6.0,36,202
669,26,34140.0,0,2020.0,460,70335,4,0,5,8,150,5.3,2,292
670,305,16780.0,0,2011.0,238,78747,4,1,78,9,156,5.2,28,307
673,57,36880.0,1,2021.0,569,65015,4,0,88,7,140,6.4,4,346
674,144,43300.0,0,2019.0,809,61738,3,1,86,8,145,5.9,11,382
675,144,25390.0,0,2019.0,325,91960,3,1,102,5,146,5.6,11,382
676,202,13910.0,0,2008.0,891,116000,4,1,60,8,126,7.3,21,271
677,256,20930.0,0,2019.0,216,41244,4,1,102,6,116,5.1,26,303
678,287,14110.0,0,2016.0,897,126853,3,0,102,7,150,3.6,28,19
679,103,15430.0,0,2023.0,636,10156,4,1,4,4,83,5.3,6,99
680,257,20430.0,0,2018.0,653,139883,3,1,72,7,131,4.6,26,410
681,13,28270.0,0,2018.0,466,124845,4,0,102,8,150,5.6,2,62
682,276,13300.0,0,2019.0,342,15002,4,1,49,4,83,4.7,28,6
683,247,17060.0,1,2019.0,79,81918,3,1,88,5,95,3.8,24,265
684,360,13360.0,0,2016.0,361,115815,3,0,102,6,110,4.3,30,342
686,97,14410.0,0,2022.0,276,3606,4,1,102,4,72,4.8,6,93
688,347,11390.0,0,2019.0,680,99986,3,1,49,5,90,4.2,30,239
690,233,24260.0,0,1996.0,583,105530,4,0,64,18,231,9.2,22,367
691,97,10900.0,0,2019.0,66,12498,4,1,102,4,69,3.6,6,93
694,180,107120.0,0,2020.0,460,41576,4,0,72,70,707,17.2,15,214
697,311,193620.0,1,2018.0,667,48750,4,0,53,35,450,9.7,29,40
699,342,11880.0,0,2022.0,665,84613,3,1,102,4,86,4.1,30,146
701,31,18440.0,0,2016.0,643,154497,3,1,102,8,150,3.9,2,297
702,294,26700.0,0,2018.0,378,134942,3,0,72,10,181,4.4,28,30
703,107,36880.0,0,2022.0,832,6970,3,0,64,7,131,4.6,6,103
705,397,23360.0,0,2019.0,40,102372,4,1,50,6,105,5.5,36,147
706,301,27820.0,0,2018.0,73,101839,3,0,102,5,95,5.3,28,172
708,341,13100.0,0,2021.0,288,69006,4,1,102,5,101,5.2,30,145
709,402,11480.0,0,2016.0,150,209875,3,0,102,5,110,3.6,36,204
712,337,26620.0,0,2021.0,803,15750,4,0,102,7,131,6.4,30,116
716,287,20400.0,0,2019.0,785,114267,3,1,102,6,131,3.7,28,19
717,278,23980.0,0,2022.0,48,16465,4,1,102,5,101,5.3,28,8
718,413,26370.0,0,2023.0,939,15950,4,1,102,6,110,5.8,36,377
719,323,71260.0,0,2006.0,55,107569,4,1,102,26,355,8.4,29,52
721,330,69480.0,1,2017.0,387,84912,4,0,102,23,340,8.7,29,250
722,378,16230.0,0,2020.0,476,45291,4,1,102,4,75,4.9,32,178
724,142,30460.0,0,2019.0,519,81995,3,1,102,8,177,5.8,11,164
726,396,82680.0,0,2023.0,372,25,3,0,102,7,150,7.8,36,111
727,309,109780.0,1,2013.0,255,99757,4,1,72,29,400,9.7,29,38
729,282,34320.0,0,2023.0,321,31295,3,0,102,7,130,5.1,28,14
731,114,11200.0,0,2014.0,652,95984,4,1,102,7,120,4.8,6,162
733,340,13790.0,0,2018.0,855,71077,3,1,102,4,75,3.1,30,144
734,278,28780.0,0,2023.0,545,16158,4,0,86,5,101,5.4,28,8
736,30,48770.0,0,2021.0,348,56546,3,0,29,8,150,5.9,2,296
738,95,20230.0,0,2020.0,84,80813,3,1,49,5,99,4.0,6,85
740,338,12810.0,0,2020.0,928,61206,3,1,102,5,90,4.2,30,117
748,320,349160.0,0,2022.0,294,9676,4,0,102,61,650,12.0,29,49
749,431,40100.0,0,2020.0,296,115260,3,0,102,10,190,4.9,37,425
751,112,33530.0,0,2020.0,460,54085,3,0,24,6,131,4.1,6,108
754,287,20400.0,0,2019.0,785,114267,3,1,102,6,131,3.7,28,19
757,18,16690.0,0,2013.0,429,181283,4,0,52,9,170,5.1,2,67
760,281,23360.0,0,2019.0,92,114529,4,1,102,7,131,4.5,28,13
761,278,25610.0,0,2021.0,247,59100,3,1,79,5,102,4.2,28,8
763,287,14680.0,0,2019.0,405,133323,4,1,102,7,131,5.1,28,19
767,345,22990.0,0,2022.0,477,65753,4,0,102,7,140,6.9,30,215
768,9,24180.0,0,2017.0,678,84590,3,0,64,8,150,4.6,2,58
769,356,42680.0,0,2020.0,860,95038,4,0,102,17,279,6.9,30,260
775,275,16480.0,0,2018.0,531,98887,4,0,102,6,110,4.1,28,5
777,239,27010.0,1,2019.0,467,90827,4,1,102,7,136,6.2,24,152
778,24,36460.0,0,2016.0,949,146202,3,0,102,20,313,5.5,2,73
780,309,96280.0,1,2013.0,395,87492,4,1,72,29,400,9.7,29,38
781,182,27710.0,0,2023.0,701,25016,3,1,102,7,131,5.1,15,309
783,205,29280.0,0,2020.0,144,34461,4,1,102,7,132,6.3,21,274
784,298,39760.0,0,2023.0,636,12,3,0,86,7,130,4.6,28,34
785,423,22990.0,0,2017.0,534,111205,3,0,102,8,150,5.1,36,390
786,32,34130.0,0,2017.0,558,128079,3,0,49,18,286,5.7,2,298
787,31,19230.0,0,2016.0,495,161156,3,1,102,8,150,3.9,2,297
789,422,39880.0,0,2023.0,141,28090,3,0,64,8,150,5.5,36,389
790,23,50160.0,0,2020.0,584,71057,3,0,102,17,286,5.8,2,72
792,224,114930.0,0,2021.0,733,19097,3,0,86,22,340,7.1,22,141
793,410,20310.0,0,2020.0,508,54962,4,0,102,5,95,4.6,36,288
795,403,31480.0,0,2020.0,664,29400,4,0,49,14,245,6.2,36,205
796,278,25610.0,0,2021.0,247,59100,3,1,79,5,102,4.2,28,8
798,239,36290.0,0,2018.0,458,28560,4,0,72,11,192,6.0,24,152
800,287,17910.0,0,2021.0,62,33814,4,1,102,5,110,5.5,28,19
801,10,28980.0,0,2020.0,564,11461,3,1,102,6,116,4.1,2,59
805,32,62980.0,1,2022.0,185,26250,4,0,102,16,265,8.5,2,298
808,175,67080.0,1,2015.0,416,23180,4,0,96,23,340,8.4,14,175
811,103,15690.0,0,2022.0,681,57065,4,1,93,4,83,5.8,6,99
812,30,68180.0,1,2023.0,727,62,3,0,90,8,150,5.4,2,296
817,427,37780.0,0,2019.0,981,78472,3,0,102,10,190,4.5,37,405
819,148,7930.0,0,2014.0,46,114747,4,1,64,5,90,6.0,12,84
820,123,15340.0,0,2019.0,632,138840,3,1,86,6,116,4.4,8,166
822,113,35280.0,0,2023.0,666,12,3,1,102,7,131,4.9,6,109
825,347,11660.0,0,2019.0,694,114229,3,1,102,5,90,4.5,30,239
826,93,9590.0,0,2010.0,980,140400,4,1,102,9,136,7.1,5,113
827,355,19320.0,0,2022.0,844,64835,3,0,102,6,116,4.6,30,259
828,219,28880.0,1,2020.0,918,94656,3,0,72,7,122,4.2,22,136
829,278,26150.0,1,2023.0,718,23028,3,1,102,5,75,4.0,28,8
830,275,15080.0,0,2020.0,821,97181,4,1,69,5,110,4.8,28,5
837,205,28900.0,0,2017.0,274,33939,4,1,72,9,160,6.6,21,274
839,5,33280.0,0,2022.0,724,9233,4,0,10,6,110,6.2,2,53
840,11,42510.0,0,2023.0,662,7911,3,0,86,8,150,4.6,2,60
841,290,13890.0,1,2018.0,486,145110,3,1,36,6,120,3.5,28,22
843,288,38690.0,0,2024.0,6,1,4,0,54,7,130,5.7,28,20
845,327,49010.0,0,2016.0,780,121610,4,0,65,31,420,7.8,29,119
846,51,54900.0,1,2017.0,959,79300,3,0,102,20,326,6.6,2,371
847,81,40680.0,0,2020.0,300,85386,3,0,3,11,190,5.5,4,415
849,363,22560.0,0,2019.0,174,82310,3,1,102,5,125,6.1,30,395
851,383,47020.0,1,2024.0,386,17,4,0,102,8,150,6.9,32,242
852,163,31950.0,0,2021.0,772,9838,3,1,65,8,150,4.9,12,244
853,205,26430.0,0,2017.0,874,47392,4,1,102,9,160,6.6,21,274
857,284,6790.0,0,2014.0,501,331595,3,1,102,5,116,3.3,28,16
859,174,43090.0,0,2020.0,527,72486,3,0,102,10,180,5.9,14,174
862,261,20500.0,0,2021.0,882,60494,3,1,65,5,102,4.8,27,154
863,29,47130.0,0,2023.0,904,26107,4,0,64,8,150,5.9,2,295
870,260,21090.0,0,2022.0,593,49049,4,0,28,5,101,5.4,27,150
872,282,39220.0,0,2023.0,915,11,3,0,93,7,130,5.1,28,14
873,331,86840.0,0,2020.0,237,42044,4,0,86,25,354,8.9,29,251
874,381,31680.0,0,2020.0,695,94147,3,0,102,10,190,6.7,32,240
877,261,20210.0,0,2018.0,719,71124,4,0,102,6,110,4.8,27,154
878,375,27580.0,0,2021.0,811,35498,4,1,54,8,150,5.8,31,247
879,431,48350.0,0,2020.0,743,82460,4,0,72,15,250,7.3,37,425
880,292,47200.0,0,2024.0,316,1220,4,0,102,7,96,6.0,28,24
883,333,95460.0,0,2018.0,828,94488,4,0,102,33,441,6.8,29,280
885,166,60480.0,1,2018.0,917,22990,4,1,51,33,421,13.5,12,270
886,57,33290.0,0,2020.0,76,59488,4,0,102,7,140,6.4,4,346
888,205,25500.0,0,2017.0,200,29946,4,1,72,9,160,6.6,21,274
889,288,33040.0,0,2024.0,691,1,4,0,54,7,131,5.7,28,20
890,407,25280.0,0,2022.0,68,52003,4,1,102,6,110,5.4,36,209
892,234,72430.0,0,2022.0,353,17663,3,0,102,10,140,7.2,22,409
894,6,34500.0,0,2023.0,951,10429,4,0,102,6,110,5.8,2,54
895,338,16780.0,0,2020.0,104,91896,4,0,49,8,150,5.5,30,117
896,55,65380.0,0,2012.0,775,57007,4,1,102,24,340,7.3,4,344
898,414,29590.0,1,2022.0,230,60427,4,0,50,8,150,6.5,36,378
899,311,169490.0,1,2018.0,940,30210,4,0,102,34,450,7.3,29,40
901,296,32490.0,0,2020.0,651,46484,3,0,102,8,163,4.5,28,32
904,281,22570.0,0,2019.0,893,109696,4,0,86,9,165,4.8,28,13
909,194,118690.0,0,2021.0,902,32780,4,0,86,47,550,12.3,17,322
910,57,48380.0,0,2023.0,61,9995,3,0,86,10,190,4.9,4,346
911,133,41000.0,0,2020.0,616,25283,4,0,102,10,181,5.9,9,35
913,281,29460.0,0,2021.0,793,69484,3,0,94,6,131,5.2,28,13
916,277,29970.0,0,2017.0,511,52832,4,1,102,11,208,4.6,28,7
917,412,36580.0,0,2018.0,211,89328,4,0,69,9,150,5.9,36,366
918,57,28570.0,0,2021.0,260,63140,4,0,102,7,140,6.2,4,346
919,405,44680.0,0,2020.0,371,36400,4,0,102,19,301,8.6,36,207
920,0,10970.0,0,2009.0,677,139080,4,1,88,12,185,9.4,0,313
925,184,8000.0,0,2013.0,762,165390,4,1,102,5,86,4.3,16,311
929,414,36360.0,0,2022.0,851,34200,4,0,102,8,150,6.8,36,378
932,226,43540.0,0,2017.0,63,98417,4,0,72,26,381,7.4,22,193
933,99,25780.0,0,2022.0,938,51072,3,0,102,6,120,5.0,6,95
935,293,24250.0,1,2019.0,201,146164,3,1,102,6,120,4.2,28,29
936,44,146350.0,0,2021.0,557,85474,4,0,29,53,600,12.5,2,330
937,274,31030.0,0,2022.0,544,29859,4,0,64,7,130,6.0,28,4
939,119,10050.0,0,2016.0,91,131440,3,1,49,5,75,3.9,6,275
940,428,24130.0,1,2019.0,519,95450,3,0,65,8,150,4.2,37,406
941,417,27030.0,0,2023.0,32,12608,4,1,102,6,110,5.4,36,381
946,365,40170.0,0,2024.0,827,1,3,1,64,7,131,6.7,30,397
948,6,37100.0,0,2023.0,318,26149,4,0,54,8,150,6.1,2,54
949,402,13140.0,0,2015.0,337,168911,4,1,94,5,105,4.3,36,204
950,278,26220.0,0,2023.0,128,5,4,0,102,7,130,5.3,28,8
952,76,75460.0,0,2020.0,23,92986,3,0,102,20,320,6.1,4,365
954,123,19700.0,0,2021.0,766,23015,4,1,53,5,101,6.2,8,166
956,282,39110.0,0,2022.0,432,20661,4,0,102,7,131,6.5,28,14
960,196,30470.0,0,2021.0,919,59212,5,0,88,7,152,4.1,18,403
961,78,27860.0,0,2021.0,620,72038,3,0,102,6,116,5.1,4,412
963,6,26650.0,0,2020.0,817,43920,4,1,13,5,95,4.6,2,54
965,133,44780.0,0,2020.0,436,74016,4,0,49,13,224,5.6,9,35
968,159,17580.0,0,2021.0,439,59168,4,1,102,5,101,4.3,12,188
970,347,18880.0,0,2018.0,870,70847,3,1,102,5,90,4.2,30,239
972,29,39180.0,0,2021.0,738,23958,4,1,36,8,150,6.6,2,295
973,410,17530.0,0,2019.0,320,79038,4,1,102,5,95,4.6,36,288
974,407,25510.0,0,2021.0,966,37257,4,1,102,7,131,5.4,36,209
975,120,30450.0,0,2018.0,768,120780,3,1,19,6,116,5.2,6,368
976,34,53480.0,0,2022.0,648,53489,3,0,86,11,204,6.6,2,300
977,426,18470.0,0,2016.0,451,154382,3,0,102,7,136,4.3,37,404
978,282,47560.0,0,2023.0,542,12,4,0,93,7,130,6.4,28,14
980,176,79440.0,0,2019.0,783,15210,4,0,102,19,301,7.9,14,176
983,274,29130.0,0,2023.0,340,21010,3,0,102,7,131,4.8,28,4
985,274,27700.0,0,2022.0,530,32289,4,0,49,7,130,6.0,28,4
987,158,17080.0,0,2019.0,177,96398,3,0,102,6,120,3.6,12,187
988,128,14490.0,0,2019.0,552,55483,3,1,102,4,90,3.8,8,336
989,287,21940.0,0,2021.0,489,102151,4,1,49,7,131,5.8,28,19
990,274,28860.0,0,2023.0,514,15048,3,1,23,6,110,4.4,28,4
991,330,50490.0,0,2016.0,124,76780,4,0,102,23,340,8.7,29,250
994,345,19470.0,0,2019.0,11,103185,3,1,102,5,110,3.8,30,215
995,406,21230.0,0,2020.0,212,112163,3,1,102,6,116,4.1,36,208
996,159,22750.0,0,2020.0,561,21113,3,0,102,6,120,4.4,12,188
997,56,34860.0,0,2019.0,409,55916,3,0,86,10,190,4.7,4,345
998,80,31180.0,0,2017.0,191,78112,3,1,102,11,190,5.0,4,414
999,57,32580.0,0,2022.0,787,29560,3,0,102,8,150,4.9,4,346
1001,204,32330.0,0,2020.0,770,45654,4,1,50,10,184,6.9,21,273
1006,421,24870.0,0,2019.0,201,125685,3,0,102,8,150,4.4,36,388
1010,275,15800.0,0,2019.0,161,82393,3,1,102,4,75,3.3,28,5
1012,407,34450.0,0,2021.0,760,21600,4,0,102,8,150,5.7,36,209
1014,294,25720.0,0,2018.0,245,129990,3,0,102,10,181,4.4,28,30
1017,103,20700.0,0,2023.0,883,11,4,1,99,4,83,5.4,6,99
1018,135,396150.0,1,2023.0,565,5550,4,0,102,72,720,12.9,10,177
1019,274,26890.0,0,2021.0,213,42407,4,0,49,7,131,6.1,28,4
1020,82,31470.0,0,2015.0,884,150290,3,0,49,11,190,5.1,4,416
1022,282,30870.0,1,2022.0,54,79360,4,0,60,7,130,6.5,28,14
1023,116,39340.0,0,2022.0,199,29895,3,1,94,7,131,5.2,6,213
1024,276,12410.0,0,2020.0,80,41481,4,1,49,4,83,4.7,28,6
1025,15,45460.0,0,2023.0,98,16627,4,0,102,8,150,6.3,2,64
1027,131,36610.0,0,2023.0,61,11,3,0,17,7,130,4.8,9,10
1029,85,36020.0,1,2019.0,355,105350,3,0,65,13,231,5.3,4,419
1030,11,43990.0,0,2023.0,909,23334,3,0,64,8,150,4.6,2,60
1032,341,17360.0,0,2020.0,212,145435,3,1,36,5,116,3.6,30,145
1033,95,12240.0,0,2018.0,965,177333,3,1,102,5,99,3.9,6,85
1034,274,32050.0,0,2022.0,264,29585,4,0,64,7,130,6.0,28,4
1035,421,31500.0,0,2018.0,345,41030,3,0,102,8,150,4.5,36,388
1036,191,19700.0,0,2015.0,765,188848,3,1,102,8,150,4.5,17,319
1037,99,25180.0,0,2023.0,33,21847,3,0,54,6,120,5.0,6,95
1038,79,31050.0,0,2020.0,398,40669,4,0,102,7,140,5.6,4,413
1041,288,34320.0,0,2024.0,242,9497,3,0,6,7,131,4.9,28,20
1043,67,43870.0,0,2020.0,527,97948,3,0,102,10,190,4.6,4,356
1044,103,23560.0,0,2023.0,135,3497,4,0,18,6,110,5.9,6,99
1047,278,20120.0,0,2022.0,824,52485,4,1,86,5,100,5.3,28,8
1048,382,28440.0,0,2020.0,474,80499,4,1,102,8,150,6.5,32,241
1049,278,26380.0,0,2022.0,961,10541,4,0,79,5,101,5.4,28,8
1050,106,12090.0,0,2016.0,854,124834,4,1,102,6,131,4.0,6,102
1051,338,14820.0,0,2019.0,384,67433,3,1,102,5,90,4.2,30,117
1052,380,30930.0,0,2022.0,224,24495,4,0,29,8,150,6.0,32,238
1056,346,18610.0,0,2021.0,28,60115,3,1,102,6,116,5.3,30,237
1057,348,29260.0,0,2019.0,507,49448,3,1,102,6,150,9.3,30,252
1058,341,17360.0,0,2020.0,212,145435,3,1,36,5,116,3.6,30,145
1059,260,19020.0,0,2022.0,202,44792,4,1,94,5,100,5.5,27,150
1060,406,17830.0,0,2020.0,907,94217,3,1,102,6,116,4.1,36,208
1061,4,81110.0,0,2020.0,517,12200,4,0,102,15,252,5.0,1,56
1064,54,58380.0,0,2008.0,549,156780,4,0,90,51,561,11.9,3,149
1065,380,26050.0,0,2023.0,15,16676,4,0,102,6,110,5.8,32,238
1066,287,32660.0,0,2023.0,269,2943,3,0,29,7,131,4.6,28,19
1070,284,19450.0,0,2018.0,204,39294,4,1,49,6,131,3.8,28,16
1071,26,27910.0,0,2021.0,139,53054,4,0,102,8,150,6.5,2,292
1072,26,34980.0,0,2018.0,898,90188,4,0,64,8,150,5.2,2,292
1073,340,12880.0,0,2020.0,187,65006,3,1,102,5,90,4.0,30,144
1075,289,37240.0,0,2023.0,414,1,4,0,102,7,130,5.7,28,21
1077,99,24280.0,0,2023.0,271,17017,4,1,102,6,110,5.8,6,95
1078,102,15640.0,0,2021.0,117,28327,4,1,3,4,83,5.7,6,98
1083,63,11490.0,0,2008.0,609,165600,4,1,60,8,129,7.3,4,352
1084,30,65940.0,0,2020.0,152,54974,4,0,102,14,230,7.4,2,296
1088,405,43430.0,0,2019.0,823,84579,4,0,102,20,310,6.0,36,207
1089,284,8030.0,0,2015.0,776,223244,3,1,102,4,93,3.4,28,16
1090,337,26860.0,0,2020.0,688,45764,4,0,102,7,131,5.5,30,116
1091,6,39870.0,0,2023.0,542,28898,4,0,102,8,150,6.1,2,54
1097,299,24360.0,0,2017.0,737,114363,3,1,102,7,131,6.3,28,87
1098,321,136760.0,0,1999.0,603,198240,4,1,64,21,286,9.1,29,50
1099,310,192820.0,1,2017.0,312,59841,4,0,102,49,581,7.6,29,39
1102,165,60480.0,1,2018.0,653,19360,4,0,102,33,421,12.0,12,269
1103,29,50270.0,1,2023.0,953,54,3,0,46,8,150,5.4,2,295
1104,247,21920.0,0,2016.0,401,144884,4,0,102,10,192,4.4,24,265
1105,178,22020.0,0,2019.0,440,74357,3,1,102,6,120,4.0,15,148
1106,139,17790.0,0,2020.0,44,85863,3,1,102,6,120,4.7,11,28
1107,352,10990.0,0,2013.0,546,77000,4,1,83,7,130,5.4,30,256
1114,32,56510.0,0,2020.0,65,84227,3,0,35,18,286,5.5,2,298
1115,294,29140.0,0,2020.0,403,96757,3,1,49,6,130,4.1,28,30
1117,281,29780.0,0,2018.0,796,64860,4,0,102,9,165,5.1,28,13
1118,236,174530.0,0,2019.0,51,22755,4,0,102,47,557,12.4,23,219
1119,264,33840.0,0,2023.0,974,13778,4,1,75,7,131,6.1,27,217
1122,322,90280.0,0,2006.0,554,113000,4,0,72,37,450,9.8,29,51
1123,407,37380.0,0,2023.0,602,28380,4,0,102,8,150,5.7,36,209
1127,113,41380.0,0,2024.0,975,7505,4,0,11,7,131,6.5,6,109
1128,29,42920.0,0,2020.0,159,48357,3,0,36,8,150,4.7,2,295
1130,164,27560.0,0,2019.0,459,63135,3,0,102,8,150,5.4,12,268
1133,186,26140.0,1,2017.0,30,34802,3,0,96,11,185,6.3,16,369
1134,269,18790.0,0,2018.0,481,80116,3,1,102,7,134,4.5,27,431
1138,295,49120.0,0,2022.0,410,21645,4,0,49,10,180,7.0,28,31
1141,260,17030.0,0,2022.0,388,26407,4,1,94,5,100,5.2,27,150
1142,221,47060.0,0,2020.0,829,69527,3,0,102,10,195,4.9,22,138
1145,344,23700.0,1,2023.0,389,12,3,1,102,5,75,5.1,30,173
1146,59,42430.0,1,2022.0,462,19944,3,0,102,10,190,4.9,4,348
1147,369,31450.0,0,2021.0,437,19232,4,0,102,8,150,7.0,31,81
1148,205,27010.0,0,2022.0,359,37789,4,1,102,7,132,6.3,21,274
1149,278,23860.0,0,2022.0,654,29133,4,0,69,7,131,5.3,28,8
1150,289,35650.0,0,2024.0,744,1,4,0,102,7,130,5.7,28,21
1153,240,25280.0,0,2019.0,627,31900,4,0,102,7,136,5.1,24,225
1155,281,34200.0,0,2020.0,543,105880,3,0,102,9,180,4.8,28,13
1156,287,20120.0,0,2021.0,493,41165,4,1,102,7,131,5.8,28,19
1161,366,12420.0,0,2021.0,181,38407,4,1,96,4,73,5.4,30,402
1165,131,39580.0,0,2023.0,464,12,3,0,54,7,130,4.8,9,10
1169,413,25590.0,0,2021.0,838,34825,4,0,18,6,116,6.3,36,377
1171,260,17530.0,0,2021.0,310,36381,4,1,75,4,75,5.2,27,150
1172,92,53840.0,0,2017.0,621,113740,4,0,102,35,453,7.7,5,112
1174,278,21750.0,0,2020.0,743,69381,4,1,69,5,100,4.2,28,8
1175,330,71850.0,1,2017.0,763,100305,4,0,72,25,360,8.8,29,250
1176,273,13530.0,0,2016.0,121,108771,4,1,102,5,110,4.0,28,3
1177,421,34430.0,0,2019.0,379,70725,3,0,102,8,150,4.5,36,388
1178,44,141540.0,0,2021.0,369,36397,4,0,64,52,600,11.5,2,330
1180,30,65980.0,1,2023.0,26,60,3,0,90,8,150,5.4,2,296
1181,341,14580.0,0,2020.0,907,122165,3,1,36,5,116,3.6,30,145
1184,20,26980.0,0,2013.0,937,140400,4,0,102,20,299,8.2,2,69
1186,418,17810.0,0,2011.0,412,115000,4,0,102,12,200,8.5,36,385
1187,125,15580.0,0,2017.0,684,97480,3,1,102,6,109,4.3,8,168
1188,337,20880.0,0,2022.0,761,15854,4,1,64,5,91,6.0,30,116
1191,297,31730.0,0,2022.0,903,66807,3,0,64,7,130,4.8,28,33
1192,406,17830.0,0,2020.0,907,94217,3,1,102,6,116,4.1,36,208
1193,251,21630.0,0,2021.0,181,39477,4,1,50,6,117,5.0,26,234
1194,60,15890.0,0,2017.0,63,187620,3,0,102,7,136,3.8,4,349
1198,288,36130.0,0,2024.0,283,1,4,0,49,7,130,5.7,28,20
1199,102,12580.0,0,2018.0,531,69379,4,1,102,4,82,4.1,6,98
1200,274,31950.0,0,2022.0,9,9705,3,0,102,7,130,4.8,28,4
1201,198,143730.0,0,2015.0,14,24250,4,0,102,38,460,14.5,20,210
1202,304,16570.0,0,2020.0,492,77753,3,1,102,5,102,4.2,28,284
1203,97,10420.0,0,2019.0,267,11945,4,1,102,4,69,3.6,6,93
1206,344,24920.0,0,2022.0,426,232,3,1,49,5,95,5.1,30,173
1208,98,25940.0,0,2022.0,131,54220,4,1,49,6,110,5.9,6,94
1209,365,46210.0,0,2024.0,637,1,3,0,102,7,170,6.8,30,397
1210,28,17260.0,0,2013.0,800,194382,3,0,102,10,177,5.3,2,294
1211,306,26860.0,0,2019.0,192,65153,3,1,82,5,100,4.3,28,310
1214,243,36770.0,0,2019.0,702,28112,4,0,102,10,192,5.0,24,228
1215,62,43030.0,1,2023.0,662,24204,4,0,88,7,136,6.2,4,351
1217,302,18990.0,0,2018.0,626,47963,3,1,29,5,99,3.9,28,282
1218,278,19780.0,1,2022.0,209,46288,4,0,88,5,100,5.4,28,8
1219,363,21300.0,0,2020.0,849,109499,3,1,102,5,125,5.5,30,395
1221,3,56370.0,0,2022.0,441,9933,3,0,102,11,190,6.4,0,316
1222,246,11640.0,0,2014.0,649,80819,4,1,102,6,122,4.6,24,264
1226,279,15520.0,0,2020.0,480,30529,4,1,102,5,110,4.5,28,9
1228,80,23080.0,0,2017.0,755,145889,3,0,102,8,150,4.4,4,414
1229,261,19360.0,0,2018.0,86,68136,4,0,102,6,110,4.8,27,154
1230,216,47450.0,0,2019.0,99,87230,3,0,102,11,204,5.0,22,133
1232,98,22960.0,0,2022.0,388,32566,3,0,62,6,120,5.0,6,94
1233,406,17830.0,0,2020.0,907,94217,3,1,102,6,116,4.1,36,208
1234,83,48930.0,0,2020.0,81,129858,3,0,64,16,265,5.9,4,417
1237,38,93480.0,0,2023.0,773,10978,4,0,102,28,400,8.9,2,324
1243,274,30420.0,0,2023.0,784,25626,3,0,23,7,131,4.8,28,4
1244,407,49470.0,0,2024.0,102,12,3,0,102,8,150,4.4,36,209
1245,385,20680.0,0,2021.0,913,144729,3,0,102,6,116,5.2,32,339
1246,251,22020.0,0,2021.0,913,30160,4,1,102,6,117,5.9,26,234
1248,103,18530.0,0,2022.0,257,54015,4,0,21,6,110,6.0,6,99
1250,185,19500.0,0,2022.0,822,30762,4,1,102,5,100,5.5,16,312
1251,127,12080.0,0,2016.0,591,61865,4,1,102,5,90,4.3,8,249
1253,272,16910.0,0,2018.0,119,40806,4,1,102,4,82,3.7,28,2
1257,278,21510.0,0,2021.0,198,49644,3,1,79,5,102,4.2,28,8
1259,145,11950.0,0,2020.0,324,100083,4,1,86,6,95,6.4,11,391
1262,32,43780.0,0,2019.0,848,88087,3,0,102,10,190,4.8,2,298
1263,389,6530.0,0,2007.0,484,141700,4,1,72,6,91,6.2,34,375
1265,138,16590.0,0,2018.0,170,98679,3,1,102,6,120,4.1,11,27
1266,279,13060.0,1,2020.0,757,75817,4,1,50,4,82,4.7,28,9
1268,248,21920.0,0,2020.0,212,28076,4,0,88,5,102,5.4,24,266
1269,123,20850.0,0,2020.0,564,49577,4,1,64,7,115,6.5,8,166
1271,413,21490.0,0,2020.0,726,96415,3,0,7,5,95,4.2,36,377
1272,406,18000.0,0,2020.0,159,95114,3,1,102,6,116,4.1,36,208
1273,260,22490.0,0,2022.0,289,90598,4,0,15,7,131,5.6,27,150
1274,282,44380.0,0,2023.0,163,12,4,0,102,7,130,6.4,28,14
1275,103,19060.0,0,2023.0,173,23479,4,1,32,4,83,5.3,6,99
1276,112,30730.0,0,2022.0,311,28750,4,1,64,7,130,6.1,6,108
1277,129,13730.0,0,2018.0,37,66599,4,1,25,5,90,4.3,8,337
1279,112,30980.0,0,2022.0,844,28984,4,1,64,7,130,6.1,6,108
1281,99,20310.0,0,2023.0,909,13844,4,1,102,6,110,5.8,6,95
1283,274,25470.0,0,2023.0,352,11321,4,1,92,5,101,5.4,28,4
1284,124,27370.0,0,2024.0,846,13,4,1,102,7,130,6.2,8,167
1287,296,31450.0,0,2020.0,707,44996,3,0,102,8,163,4.5,28,32
1292,274,32980.0,0,2023.0,741,1100,4,0,102,7,131,5.9,28,4
1293,11,33320.0,0,2021.0,469,20001,4,0,86,8,150,5.6,2,60
1294,118,22880.0,0,2019.0,552,109274,3,1,102,7,122,5.3,6,236
1295,414,30220.0,0,2022.0,471,61320,4,0,49,8,150,6.8,36,378
1297,7,18170.0,0,2017.0,644,162138,3,0,102,4,90,3.6,2,55
1298,288,37410.0,0,2024.0,261,1,4,0,49,7,130,5.7,28,20
1301,331,56820.0,0,2019.0,392,75052,4,0,86,16,245,8.1,29,251
1302,282,38130.0,0,2023.0,5,11,4,0,94,7,130,6.4,28,14
1303,6,24840.0,0,2021.0,234,68672,4,0,44,5,95,6.3,2,54
1308,260,19230.0,0,2022.0,21,46738,4,1,102,5,101,5.1,27,150
1310,341,15500.0,0,2021.0,317,70513,3,1,102,4,86,4.2,30,145
1319,281,27950.0,0,2021.0,268,41793,4,0,102,6,131,5.1,28,13
1321,406,23870.0,0,2020.0,868,55917,4,0,102,8,150,5.1,36,208
1323,294,26200.0,0,2021.0,292,93414,3,1,52,6,131,5.3,28,30
1326,337,20290.0,0,2021.0,585,118048,3,0,102,6,116,5.0,30,116
1327,139,36670.0,0,2022.0,490,5750,3,1,102,7,130,5.2,11,28
1330,107,35680.0,0,2022.0,646,6744,3,0,64,7,131,4.6,6,103
1332,304,21640.0,0,2022.0,438,64319,3,1,102,5,102,5.9,28,284
1333,79,29260.0,1,2019.0,625,115762,3,0,50,8,150,4.5,4,413
1334,213,28040.0,0,2018.0,875,141886,3,0,102,9,177,4.5,22,130
1335,110,15100.0,0,2019.0,732,137952,3,0,54,6,120,3.9,6,106
1336,317,190280.0,1,2020.0,87,52241,4,0,61,34,450,8.9,29,46
1337,113,46230.0,0,2023.0,845,13,3,0,102,7,131,5.2,6,109
1338,317,168840.0,1,2020.0,468,40875,4,0,88,34,450,9.9,29,46
1343,282,39770.0,0,2024.0,411,3996,3,0,102,7,131,5.4,28,14
1344,170,15240.0,0,2020.0,759,52866,4,1,102,5,101,4.8,13,221
1345,12,31480.0,0,2020.0,850,59745,3,0,102,10,190,4.2,2,61
1348,341,23200.0,0,2023.0,22,11,4,0,49,5,90,5.7,30,145
1349,346,21650.0,0,2021.0,696,95440,3,0,102,6,116,5.2,30,237
1350,61,31440.0,1,2020.0,246,30244,4,1,85,6,109,6.7,4,350
1351,222,28580.0,0,2017.0,266,124868,3,0,88,9,170,4.8,22,139
1352,422,36250.0,0,2022.0,580,39758,3,0,102,8,150,5.5,36,389
1353,239,21280.0,0,2020.0,635,53489,3,1,102,6,116,4.9,24,152
1354,56,25740.0,0,2017.0,877,25648,3,0,102,7,150,3.8,4,345
1355,281,29010.0,0,2020.0,925,62904,4,1,49,7,131,5.1,28,13
1356,188,26020.0,0,2022.0,880,77734,3,0,64,7,136,5.1,16,427
1358,43,66580.0,0,2016.0,808,154290,4,0,102,47,560,9.6,2,329
1365,107,32640.0,0,2024.0,581,1,4,0,86,7,131,5.8,6,103
1366,21,27230.0,0,2017.0,42,171021,3,0,102,16,272,4.9,2,70
1368,361,17240.0,0,2020.0,403,70236,3,1,102,6,120,4.8,30,343
1369,413,29860.0,0,2023.0,805,20234,4,0,102,6,110,6.2,36,377
1371,180,59360.0,0,2019.0,475,87346,4,0,102,27,352,9.2,15,214
1378,77,31060.0,0,2019.0,226,66267,3,0,86,10,190,4.8,4,411
1382,131,30480.0,0,2022.0,438,75333,3,0,24,7,131,4.8,9,10
1387,345,25620.0,0,2022.0,559,71834,4,0,102,7,140,6.9,30,215
1389,30,45180.0,0,2021.0,509,70845,3,0,36,8,150,5.9,2,296
1391,406,18000.0,0,2020.0,159,95114,3,1,102,6,116,4.1,36,208
1392,284,7860.0,0,2014.0,396,383790,3,1,102,5,116,3.3,28,16
1396,383,50800.0,0,2024.0,905,18271,3,0,102,8,150,5.4,32,242
1397,260,18460.0,0,2021.0,306,49348,4,1,102,5,101,4.2,27,150
1399,278,21710.0,0,2021.0,575,50117,3,1,79,5,102,4.2,28,8
1401,100,11480.0,0,2022.0,499,159160,3,1,102,5,102,4.4,6,96
1406,341,14580.0,0,2020.0,907,122165,3,1,36,5,116,3.6,30,145
1407,11,34870.0,0,2021.0,736,37576,3,0,49,8,150,4.7,2,60
1408,59,37780.0,1,2022.0,19,64659,3,0,70,10,190,5.1,4,348
1410,402,13110.0,0,2014.0,704,136500,4,1,72,5,105,4.9,36,204
1414,301,27820.0,0,2018.0,721,101839,3,0,102,5,95,5.3,28,172
1415,341,16210.0,0,2022.0,31,46667,4,1,102,5,91,5.2,30,145
1418,282,41790.0,0,2023.0,825,11,4,0,93,7,130,6.4,28,14
1420,351,11380.0,0,2013.0,970,111022,3,1,102,6,110,4.2,30,255
1421,278,21510.0,0,2021.0,198,49644,3,1,79,5,102,4.2,28,8
1422,205,32260.0,0,2020.0,806,44736,4,1,102,10,184,6.9,21,274
1423,205,28610.0,0,2020.0,673,41155,4,1,102,10,184,6.9,21,274
1424,123,21950.0,0,2020.0,368,42458,4,1,102,8,150,4.4,8,166
1425,279,14140.0,0,2019.0,164,68556,4,1,102,4,82,3.9,28,9
1428,278,21710.0,0,2021.0,575,50117,3,1,79,5,102,4.2,28,8
1429,284,20680.0,0,2016.0,897,108360,3,1,102,7,150,3.4,28,16
1431,404,35610.0,0,2017.0,488,120750,4,0,49,19,300,6.9,36,206
1433,192,61060.0,0,2015.0,214,146280,3,0,102,24,340,8.7,17,320
1434,113,34630.0,0,2023.0,254,28295,3,0,69,7,131,5.2,6,109
1437,278,21060.0,0,2023.0,5,21779,4,1,102,5,101,5.3,28,8
1442,216,39570.0,1,2018.0,151,61525,4,0,102,14,245,6.7,22,133
1443,407,41270.0,1,2023.0,842,2565,4,0,60,8,150,5.7,36,209
1444,278,21510.0,0,2021.0,198,49644,3,1,79,5,102,4.2,28,8
1445,283,10360.0,0,2009.0,655,158600,4,0,72,9,141,8.4,28,15
1446,319,322270.0,1,2023.0,349,16119,4,0,88,34,480,11.0,29,48
1447,346,23300.0,0,2021.0,633,60357,4,0,69,7,140,6.7,30,237
1448,118,28680.0,0,2020.0,673,95523,3,1,102,7,122,5.3,6,236
1449,278,18960.0,0,2023.0,130,18975,4,1,102,4,75,5.3,28,8
1456,140,12700.0,0,2016.0,614,153410,3,1,102,4,90,5.0,11,160
1459,139,19240.0,0,2020.0,188,47152,4,1,86,6,120,5.8,11,28
1460,153,17230.0,0,2021.0,631,21370,4,1,102,4,75,5.3,12,182
1461,46,80800.0,0,2017.0,834,121380,4,0,102,52,605,7.3,2,332
1465,401,24160.0,0,2011.0,41,136510,4,0,60,17,271,6.8,36,203
1466,73,123080.0,0,2022.0,973,15680,4,0,102,41,510,9.8,4,362
1468,34,49860.0,0,2023.0,815,10025,3,0,86,9,163,5.6,2,300
1471,281,25500.0,0,2020.0,422,70313,4,0,102,7,131,5.1,28,13
1472,274,33110.0,0,2023.0,381,23875,3,0,102,7,131,4.8,28,4
1473,103,16220.0,0,2023.0,708,17620,4,1,102,4,83,5.4,6,99
1474,330,71920.0,1,2018.0,940,139872,4,0,102,26,360,8.8,29,250
1476,220,38300.0,0,2020.0,888,56839,4,0,64,10,184,6.0,22,137
1477,402,12540.0,0,2015.0,390,161233,4,1,94,5,105,4.3,36,204
1482,273,8380.0,0,2016.0,155,237000,3,1,102,6,120,3.3,28,3
1488,341,24980.0,0,2024.0,354,13,4,1,94,5,91,5.1,30,145
1492,287,22020.0,0,2022.0,714,30171,4,1,69,6,110,5.5,28,19
1493,2,15210.0,0,2019.0,782,81533,4,1,102,8,150,4.4,0,315
1499,315,162060.0,0,2017.0,840,21094,4,0,65,45,540,9.1,29,44
1500,359,11340.0,0,2013.0,473,136890,4,1,102,7,130,6.4,30,341
1501,98,21220.0,0,2022.0,830,59483,3,1,4,6,110,4.7,6,94
1503,278,22180.0,0,2021.0,748,41187,4,1,102,5,101,5.6,28,8
1509,341,14720.0,0,2020.0,159,123329,3,1,36,5,116,3.6,30,145
1512,167,21510.0,0,2021.0,111,69930,4,1,94,6,125,4.2,12,291
1513,105,16080.0,0,2020.0,217,49304,4,1,94,5,110,4.6,6,101
1514,331,105390.0,0,2021.0,208,41900,4,0,64,33,440,11.4,29,251
1515,409,20750.0,0,2018.0,166,65395,4,0,94,10,192,4.7,36,287
1516,103,15410.0,0,2022.0,496,56055,4,1,93,4,83,5.8,6,99
1517,6,23710.0,0,2021.0,889,27596,4,1,14,5,95,5.7,2,54
1518,330,66660.0,0,2017.0,885,69300,4,0,45,25,361,7.4,29,250
1519,260,18000.0,0,2021.0,162,44467,4,0,64,5,101,4.3,27,150
1520,371,11190.0,0,2013.0,528,108640,4,1,91,5,85,5.1,31,223
1521,194,58840.0,0,2018.0,746,57982,3,0,64,14,240,5.8,17,322
1523,341,14330.0,0,2022.0,537,34512,4,1,93,5,91,5.2,30,145
1524,131,23960.0,0,2021.0,977,26915,3,1,64,5,102,3.7,9,10
1526,301,19020.0,0,2019.0,334,103371,3,1,49,5,95,5.0,28,172
1528,133,37110.0,0,2020.0,657,80040,4,0,72,12,224,5.6,9,35
1529,296,32740.0,0,2021.0,117,94560,4,0,64,12,224,5.7,28,32
1530,406,27000.0,0,2019.0,164,112113,3,1,49,10,184,4.5,36,208
1531,228,47060.0,0,2019.0,606,25508,4,0,72,13,211,7.5,22,196
1532,189,30430.0,0,2014.0,972,157092,3,0,49,17,256,8.1,17,317
1533,203,31230.0,0,2018.0,796,38744,4,1,72,9,160,6.6,21,272
1534,268,13670.0,0,2016.0,107,99858,4,1,82,8,140,5.3,27,430
1536,286,26630.0,1,2019.0,299,23861,4,0,88,7,130,5.4,28,18
1537,67,51220.0,0,2021.0,39,70394,3,0,64,10,190,4.6,4,356
1538,15,59020.0,0,2023.0,899,19087,3,0,86,11,204,5.3,2,64
1539,121,43850.0,0,2022.0,453,50624,5,0,0,8,245,1.5,7,190
1540,181,21030.0,0,2019.0,710,90870,3,1,64,6,120,4.0,15,308
1541,278,26020.0,0,2023.0,623,12,4,1,64,5,101,5.1,28,8
1542,265,22570.0,0,2020.0,362,30521,3,0,32,7,136,5.2,27,231
1543,112,27270.0,0,2022.0,956,18892,3,0,26,7,131,5.3,6,108
1546,242,38290.0,0,2023.0,175,18374,4,0,67,9,178,6.4,24,227
1550,395,34480.0,1,2009.0,958,206885,3,1,102,12,174,9.2,36,110
1552,194,79170.0,0,2020.0,735,73200,3,0,102,19,301,6.4,17,322
1555,139,24170.0,0,2022.0,77,32357,4,1,102,6,120,6.6,11,28
1556,210,38480.0,0,2020.0,110,98945,4,0,64,13,224,6.6,22,127
1558,155,29390.0,0,2005.0,916,171585,4,1,102,14,215,7.7,12,184
1559,208,71170.0,0,2021.0,498,21276,4,0,102,31,421,8.7,22,125
1561,121,43440.0,0,2022.0,798,50151,5,0,0,8,245,1.5,7,190
1562,337,26730.0,0,2023.0,227,5167,4,0,94,7,140,5.9,30,116
1567,281,26870.0,0,2019.0,837,130590,4,0,86,9,165,4.8,28,13
1568,399,18590.0,0,2017.0,816,47183,4,0,58,6,125,4.5,36,201
1571,383,41350.0,0,2023.0,867,19902,3,0,54,8,150,5.3,32,242
1573,121,43850.0,0,2022.0,453,50624,5,0,0,8,245,1.5,7,190
1576,152,12960.0,0,2018.0,171,50958,4,1,94,5,101,3.7,12,181
1577,197,36260.0,0,2022.0,931,23005,5,0,88,10,261,1.1,19,0
1578,112,25810.0,0,2020.0,65,56765,4,0,92,10,181,5.7,6,108
1581,278,20790.0,0,2021.0,179,20158,4,1,86,5,100,5.5,28,8
1584,124,17240.0,0,2022.0,235,48238,1,1,49,5,101,8.4,8,167
1586,316,141640.0,1,2017.0,420,44940,4,0,75,30,420,8.9,29,45
1588,379,25280.0,0,2023.0,573,2736,4,0,102,6,110,5.6,32,179
1589,281,28540.0,0,2021.0,524,36498,4,1,102,7,131,6.4,28,13
1590,34,62480.0,0,2022.0,690,62488,3,0,86,11,204,6.6,2,300
1591,171,19530.0,0,2019.0,180,114540,4,1,102,7,140,4.9,13,222
1594,112,31300.0,0,2023.0,430,21552,4,1,102,7,131,6.1,6,108
1595,365,62680.0,0,2024.0,595,1,3,0,86,8,150,7.3,30,397
1600,185,19850.0,0,2022.0,547,31326,4,1,94,5,100,5.5,16,312
1602,341,14040.0,0,2021.0,125,89117,3,1,93,4,86,4.2,30,145
1603,295,43480.0,0,2024.0,444,3494,4,0,9,7,131,6.6,28,31
1605,278,24970.0,0,2023.0,157,12,3,1,79,5,100,4.0,28,8
1606,113,40570.0,0,2023.0,836,12,4,0,64,7,131,6.5,6,109
1609,192,52420.0,0,2017.0,929,168591,3,0,70,16,259,6.4,17,320
1612,133,56230.0,0,2021.0,553,36363,5,0,66,9,200,1.5,9,35
1613,336,17110.0,0,2017.0,647,68301,4,0,49,6,118,4.9,30,115
1614,417,28130.0,0,2023.0,669,18528,4,1,49,5,95,5.5,36,381
1615,173,36780.0,0,2020.0,640,76809,3,0,86,9,150,6.0,14,169
1616,145,15380.0,0,2021.0,376,47862,4,1,66,5,95,6.4,11,391
1619,103,17430.0,0,2023.0,448,12656,4,1,102,4,83,5.3,6,99
1622,237,560000.0,0,2022.0,943,2464,4,0,92,74,730,12.8,23,220
1623,421,35060.0,0,2019.0,941,116646,3,0,102,8,150,5.1,36,388
1624,226,43950.0,0,2016.0,967,100005,4,0,102,24,361,6.1,22,193
1625,112,30980.0,0,2022.0,844,28984,4,1,64,7,130,6.1,6,108
1627,239,30140.0,0,2019.0,503,32289,4,1,54,6,102,5.9,24,152
1628,238,14410.0,0,2013.0,887,173485,3,0,88,6,112,4.7,24,151
1630,57,22990.0,1,2021.0,393,38535,4,1,65,7,140,5.9,4,346
1631,278,27820.0,0,2023.0,812,3313,3,1,3,5,102,4.0,28,8
1633,65,33230.0,0,2020.0,335,94374,4,0,49,10,184,6.5,4,354
1634,392,34870.0,0,2020.0,523,73019,5,0,66,8,197,5.1,35,306
1638,330,49570.0,0,2016.0,604,75384,4,0,64,23,340,8.7,29,250
1639,362,22150.0,0,2020.0,492,38683,3,0,86,8,161,4.8,30,383
1640,278,16180.0,0,2021.0,105,26583,4,1,79,4,75,5.2,28,8
1641,319,227430.0,0,2022.0,281,17649,4,0,72,27,385,10.5,29,48
1642,270,57220.0,1,2021.0,509,60102,3,0,88,9,177,7.3,27,432
1643,36,62980.0,0,2009.0,799,90029,4,0,70,34,420,9.6,2,304
1644,103,25610.0,0,2023.0,365,12,4,0,64,6,110,5.9,6,99
1646,311,195070.0,0,2019.0,350,53070,4,0,86,35,450,9.7,29,40
1647,74,31050.0,0,2020.0,100,100663,3,0,66,10,190,4.3,4,363
1649,254,37950.0,0,2024.0,190,1,3,1,49,7,130,7.8,26,290
1650,284,17120.0,0,2016.0,142,65228,4,0,49,7,131,4.1,28,16
1652,38,96030.0,0,2023.0,143,11277,4,0,49,28,400,8.9,2,324
1654,153,12190.0,0,2018.0,341,69464,4,1,68,4,86,3.9,12,182
1655,154,17310.0,0,2022.0,505,39060,4,1,49,5,95,5.3,12,183
1656,15,49490.0,0,2023.0,715,27261,3,0,29,9,163,4.8,2,64
1658,302,18990.0,0,2018.0,626,47963,3,1,29,5,99,3.9,28,282
1659,98,14830.0,0,2019.0,262,104254,3,1,102,5,102,4.0,6,94
1661,263,26760.0,0,2022.0,576,44561,3,1,65,7,131,5.0,27,216
1662,219,35010.0,0,2019.0,323,77970,4,0,54,11,184,7.0,22,136
1665,25,79460.0,0,2019.0,64,46980,4,0,102,23,340,6.5,2,74
1666,78,39180.0,1,2023.0,165,23812,4,0,102,7,136,6.3,4,412
1670,34,52640.0,0,2023.0,778,21545,3,0,64,9,163,5.6,2,300
1672,99,25900.0,0,2023.0,249,22472,3,0,54,6,120,5.0,6,95
1675,289,42680.0,0,2022.0,607,11444,3,0,34,7,131,4.6,28,21
1676,121,84670.0,0,2023.0,636,12190,4,0,29,27,390,10.2,7,190
1677,33,62420.0,0,2023.0,978,19372,3,0,86,9,163,5.7,2,299
1678,48,40830.0,0,2014.0,344,67860,4,0,51,23,333,6.9,2,334
1679,278,23580.0,0,2023.0,225,12196,4,1,22,5,101,5.3,28,8
1681,354,14860.0,0,2018.0,679,127585,3,1,66,4,90,3.4,30,258
1683,26,27100.0,1,2018.0,639,93346,4,0,88,8,150,5.2,2,292
1685,243,31240.0,1,2022.0,499,55989,4,0,60,7,136,6.2,24,228
1686,362,17640.0,0,2016.0,767,87912,3,1,69,6,131,3.5,30,383
1687,121,43850.0,0,2022.0,453,50624,5,0,0,8,245,1.5,7,190
1688,103,15660.0,0,2022.0,185,53742,4,1,86,4,83,5.8,6,99
1690,351,11780.0,0,2013.0,302,114918,3,1,49,6,110,4.2,30,255
1691,103,19420.0,0,2023.0,402,15555,4,1,27,6,110,5.3,6,99
1692,332,41020.0,0,2014.0,892,130680,4,0,84,20,299,7.2,29,279
1693,307,79740.0,0,2020.0,329,68399,4,1,94,19,299,8.2,29,36
1694,182,30480.0,0,2024.0,116,12,4,1,2,6,120,6.4,15,309
1695,128,11760.0,0,2019.0,207,60859,3,1,102,4,90,3.8,8,336
1696,330,48180.0,0,2015.0,445,113295,4,0,88,29,400,8.9,29,250
1697,341,22180.0,0,2024.0,876,12,4,1,49,5,91,5.1,30,145
1700,382,33750.0,0,2021.0,633,117975,3,0,29,8,150,6.4,32,241
1702,287,21580.0,0,2022.0,880,59355,4,0,86,7,131,5.9,28,19
1703,348,22570.0,0,2019.0,729,94546,3,1,102,8,131,7.1,30,252
1704,319,258630.0,1,2022.0,658,8280,4,0,102,34,450,10.7,29,48
1706,6,36140.0,0,2023.0,548,25472,4,0,54,8,150,6.1,2,54
1707,107,29130.0,0,2024.0,354,1,4,0,86,7,131,5.8,6,103
1709,289,43720.0,0,2024.0,789,7143,4,0,54,7,131,5.7,28,21
1710,225,71340.0,0,2020.0,726,53501,3,0,86,11,190,5.9,22,142
1714,194,79820.0,0,2020.0,692,73800,3,0,49,19,301,6.4,17,322
1716,104,15370.0,0,2018.0,37,125406,3,1,66,6,114,4.2,6,100
1717,424,27820.0,0,2019.0,75,95106,4,0,72,8,150,4.9,36,394
1718,282,42480.0,0,2023.0,730,11659,3,0,26,7,131,5.1,28,14
1719,349,24640.0,0,2021.0,315,49491,3,1,49,8,136,10.2,30,253
1721,394,32670.0,0,2020.0,188,63329,3,0,29,8,150,4.5,36,78
1722,58,31110.0,0,2017.0,670,91125,3,0,88,10,190,4.6,4,347
1723,134,19060.0,0,2017.0,739,110009,3,0,49,6,120,3.8,9,161
1724,288,33290.0,0,2024.0,346,1,4,0,64,7,130,5.7,28,20
1725,263,17830.0,0,2018.0,866,77847,4,1,12,7,131,4.9,27,216
1729,341,14720.0,0,2020.0,159,123329,3,1,36,5,116,3.6,30,145
1732,105,19500.0,0,2020.0,872,89056,3,0,4,6,120,4.0,6,101
1733,3,52380.0,0,2022.0,880,9450,3,0,102,10,190,5.4,0,316
1734,302,18990.0,0,2018.0,626,47963,3,1,29,5,99,3.9,28,282
1736,282,40310.0,0,2024.0,957,1090,4,0,102,7,131,6.4,28,14
1738,316,145690.0,1,2017.0,408,50004,4,0,75,30,420,8.9,29,45
1739,274,33810.0,0,2023.0,521,17627,3,1,23,6,110,4.4,28,4
1740,126,27100.0,0,2024.0,791,11,4,1,63,6,110,5.6,8,233
1741,289,36340.0,0,2023.0,307,27678,3,0,38,7,131,4.5,28,21
1743,417,29340.0,0,2023.0,143,26795,4,0,64,6,110,5.9,36,381
1744,266,7960.0,0,2013.0,800,134406,4,1,50,6,101,5.1,27,262
1745,156,7380.0,0,2009.0,82,116070,3,1,72,6,109,3.8,12,185
1746,330,77580.0,1,2019.0,291,54945,4,0,75,23,340,8.7,29,250
1747,79,30180.0,0,2019.0,423,68350,3,0,64,10,190,4.7,4,413
1748,278,23420.0,0,2023.0,853,11,4,1,79,5,100,5.1,28,8
1751,361,22420.0,0,2020.0,657,58650,4,1,47,8,140,6.0,30,343
1752,341,15000.0,0,2021.0,921,70499,3,1,66,4,86,4.2,30,145
1753,274,26990.0,0,2022.0,339,42820,4,1,94,7,131,5.6,28,4
1755,128,12390.0,0,2019.0,645,75159,3,1,95,4,90,3.8,8,336
1756,190,34370.0,0,2019.0,597,92106,3,0,64,8,150,4.7,17,318
1757,30,51230.0,0,2023.0,839,20824,4,0,64,8,150,6.8,2,296
1758,391,22240.0,0,2019.0,764,95522,5,0,49,4,122,3.8,35,91
1759,98,22210.0,0,2022.0,330,42699,4,1,93,6,110,6.3,6,94
1760,335,40840.0,0,2024.0,711,11,4,0,64,8,160,6.2,30,83
1761,337,17320.0,0,2021.0,101,100773,3,0,64,6,116,5.0,30,116
1763,10,35220.0,0,2020.0,856,56772,4,0,29,11,190,6.4,2,59
1764,23,61540.0,0,2022.0,903,90967,5,0,13,15,299,1.3,2,72
1766,340,16030.0,0,2019.0,769,69329,3,0,64,5,90,3.9,30,144
1768,318,199240.0,0,2020.0,925,43568,4,0,90,34,450,10.6,29,47
1770,90,29730.0,1,2012.0,675,65683,4,1,102,13,204,8.5,4,428
1771,340,13090.0,0,2019.0,470,179609,3,0,49,5,90,3.9,30,144
1773,183,11760.0,0,2020.0,303,83371,4,1,102,4,67,4.4,16,286
1774,256,16010.0,0,2018.0,455,157723,3,1,102,7,131,4.3,26,303
1775,302,18990.0,0,2018.0,626,47963,3,1,29,5,99,3.9,28,282
1776,385,26770.0,0,2023.0,589,10395,4,0,102,6,110,5.7,32,339
1778,11,35830.0,0,2023.0,427,16626,4,0,69,6,110,5.1,2,60
1779,353,16470.0,0,2021.0,818,85571,3,0,102,6,116,4.7,30,257
1780,341,12420.0,0,2021.0,67,93920,3,1,102,4,86,4.2,30,145
1781,116,31590.0,0,2023.0,287,9625,3,0,3,7,130,5.1,6,213
1782,261,19780.0,0,2021.0,676,58372,3,1,65,5,102,4.8,27,154
1783,414,26200.0,0,2021.0,926,84934,3,0,102,8,150,5.4,36,378
1785,30,63820.0,1,2023.0,715,56,3,0,88,8,150,5.4,2,296
1787,68,23430.0,0,2015.0,78,172360,3,0,77,12,218,4.5,4,357
1788,281,22370.0,0,2019.0,754,135393,3,1,20,6,131,4.2,28,13
1789,94,14380.0,0,2015.0,862,185616,3,1,56,10,163,5.6,5,114
1790,160,22300.0,0,2021.0,280,113448,3,0,49,6,120,4.9,12,189
1791,318,275990.0,1,2023.0,896,10890,4,0,77,37,480,10.9,29,47
1792,415,44830.0,0,2021.0,498,41170,4,0,54,19,300,7.5,36,379
1793,278,23350.0,0,2022.0,112,36469,4,1,79,5,101,5.3,28,8
1794,282,31590.0,0,2022.0,127,39838,4,0,86,7,130,6.4,28,14
1795,341,13260.0,0,2021.0,220,60359,3,1,93,4,86,4.2,30,145
1797,205,31970.0,0,2021.0,966,22882,4,1,70,10,184,6.9,21,274
1799,37,73190.0,1,2020.0,406,44891,4,0,51,25,367,6.3,2,323
1800,199,20120.0,0,2020.0,60,55775,3,0,94,6,116,4.9,21,157
1802,179,80580.0,0,2022.0,45,3646,3,0,72,8,264,9.7,15,195
1803,274,24730.0,0,2023.0,377,9369,4,1,39,5,101,5.4,28,4
1804,75,85580.0,0,2020.0,806,26643,3,0,54,20,320,7.0,4,364
1806,326,41980.0,0,2013.0,265,112800,3,0,88,15,245,6.5,29,118
1808,402,19780.0,0,2017.0,113,102190,3,1,64,8,150,3.8,36,204
1810,278,15660.0,0,2021.0,921,103503,3,1,72,5,102,4.1,28,8
1811,237,180090.0,0,2021.0,536,18974,4,0,1,47,557,12.7,23,220
1812,410,16030.0,0,2019.0,435,74306,4,1,49,5,95,4.6,36,288
1814,210,35680.0,0,2022.0,127,25743,5,0,69,8,161,1.0,22,127
1815,205,31900.0,0,2021.0,57,33208,4,1,51,10,184,6.9,21,274
1816,15,57800.0,0,2023.0,397,32690,3,0,29,9,163,4.8,2,64
1818,180,74080.0,1,2020.0,640,62700,4,0,89,38,468,13.5,15,214
1819,311,190520.0,1,2018.0,912,23001,4,0,102,34,450,9.4,29,40
1823,295,35940.0,0,2022.0,539,72547,3,1,102,7,131,5.1,28,31
1824,112,25740.0,0,2020.0,928,77738,4,0,26,10,181,5.7,6,108
1825,50,96030.0,0,2022.0,494,17854,3,0,88,22,341,8.2,2,370
1826,32,41730.0,0,2019.0,650,78902,3,0,102,11,190,5.5,2,298
1830,341,19070.0,0,2023.0,115,25773,4,1,97,5,91,5.2,30,145
1832,127,12280.0,0,2016.0,465,62887,4,1,90,5,90,4.3,8,249
1834,229,47580.0,0,2019.0,712,132958,3,0,72,11,204,5.4,22,197
1836,281,34540.0,0,2021.0,689,48739,5,0,6,10,181,1.4,28,13
1837,169,9070.0,0,2005.0,774,66429,4,1,46,7,95,6.4,12,373
1839,120,30180.0,0,2018.0,239,119682,3,1,19,6,116,5.2,6,368
1841,384,17470.0,0,2020.0,126,136732,3,1,49,7,150,4.3,32,277
1843,31,27540.0,0,2019.0,251,93732,3,0,64,8,150,4.5,2,297
1846,106,15360.0,0,2017.0,452,98822,4,1,66,7,131,4.2,6,102
1847,278,21980.0,0,2023.0,659,16660,4,1,49,5,101,5.1,28,8
1849,98,18340.0,0,2020.0,886,62537,4,1,16,5,110,4.7,6,94
1850,103,20780.0,0,2023.0,365,7149,3,1,69,5,102,4.2,6,99
1852,406,19770.0,0,2018.0,858,102375,3,1,86,6,116,4.1,36,208
1853,274,31780.0,0,2023.0,331,5606,3,0,26,7,131,5.0,28,4
1854,428,23710.0,1,2019.0,51,74580,3,0,88,8,150,4.2,37,406
1856,81,44270.0,0,2019.0,747,69852,3,0,46,11,190,5.5,4,415
1857,195,21180.0,0,2014.0,826,167821,5,0,72,9,181,4.9,18,232
1860,35,67560.0,0,2020.0,70,110962,3,0,102,18,286,6.8,2,301
1862,349,40820.0,0,2024.0,332,1,3,1,49,8,150,13.0,30,253
1864,112,30980.0,0,2022.0,844,28984,4,1,102,7,130,6.1,6,108
1865,281,28730.0,0,2019.0,713,60921,4,0,102,7,131,5.1,28,13
1866,218,44340.0,0,2020.0,759,66690,3,0,102,10,195,4.4,22,135
1867,341,14720.0,0,2020.0,159,123329,3,1,36,5,116,3.6,30,145
1868,397,31780.0,0,2017.0,50,37222,4,1,102,8,150,5.1,36,147
1869,200,28040.0,0,2022.0,90,56088,4,1,64,6,122,5.3,21,158
1871,113,36940.0,0,2023.0,883,11,4,0,86,7,131,6.5,6,109
1873,282,43640.0,0,2023.0,807,12,3,0,102,7,130,5.1,28,14
1876,121,49860.0,0,2022.0,908,58347,4,0,102,20,310,8.5,7,190
1877,112,30980.0,0,2022.0,844,28984,4,1,64,7,130,6.1,6,108
1880,274,29870.0,0,2021.0,425,39967,4,0,92,7,131,6.1,28,4
1881,410,20880.0,0,2020.0,8,59287,4,0,32,6,116,4.8,36,288
1884,279,12630.0,0,2020.0,178,63174,4,1,49,4,83,4.4,28,9
1885,248,22030.0,0,2021.0,357,41207,4,1,100,7,136,5.1,24,266
1886,425,31900.0,0,2020.0,138,86762,3,1,53,7,102,5.2,36,398
1889,349,41960.0,0,2024.0,13,1,3,1,49,8,135,13.0,30,253
1891,150,15290.0,0,2019.0,790,62209,4,1,72,6,125,4.6,12,170
1892,287,17970.0,0,2021.0,338,95234,3,1,4,7,131,4.6,28,19
1893,248,22020.0,0,2016.0,610,39075,4,0,71,10,192,4.7,24,266
1895,355,18590.0,0,2022.0,215,86647,3,0,66,6,116,4.6,30,259
1896,277,29720.0,0,2017.0,272,52392,4,1,49,11,208,4.6,28,7
1897,339,11860.0,0,2020.0,925,54510,3,1,49,4,75,4.0,30,143
1898,341,15150.0,0,2022.0,229,15895,4,1,93,5,91,5.2,30,145
1899,128,14240.0,0,2019.0,960,54526,3,1,55,4,90,3.8,8,336
1900,102,16010.0,0,2018.0,976,92756,4,0,43,6,110,4.2,6,98
1903,256,21260.0,0,2018.0,96,76048,4,1,54,6,116,5.1,26,303
1907,272,17330.0,0,2018.0,615,41818,4,1,66,4,82,3.7,28,2
1908,275,17110.0,0,2019.0,823,81040,4,0,64,6,110,4.1,28,5
1909,148,13670.0,0,2018.0,781,101405,3,1,65,5,95,3.6,12,84
1911,292,47200.0,0,2024.0,316,1220,4,0,38,7,96,6.0,28,24
1912,286,12980.0,0,2020.0,777,176757,4,0,54,6,131,5.1,28,18
1913,274,32080.0,0,2023.0,540,2457,3,0,22,7,131,5.0,28,4
1915,52,82680.0,0,2017.0,147,22200,4,0,102,28,470,8.2,2,399
1916,278,23280.0,0,2022.0,189,44928,4,0,79,5,100,5.4,28,8
1917,322,53680.0,0,2003.0,579,165066,4,0,102,24,320,8.9,29,51
1918,274,32080.0,0,2021.0,562,28089,4,0,102,7,131,6.1,28,4
1921,227,21260.0,0,2018.0,686,131977,3,1,102,5,109,4.0,22,194
1923,325,23710.0,0,1999.0,964,103621,4,1,66,13,204,7.1,29,90
1924,317,180000.0,1,2020.0,233,46626,4,0,60,34,450,9.9,29,46
1925,250,7070.0,0,2011.0,182,108978,3,1,82,6,110,4.7,26,156
1926,361,25610.0,0,2021.0,168,8174,3,1,69,6,120,5.4,30,343
1927,258,13560.0,0,2020.0,52,61742,4,1,86,5,105,4.7,27,79
1928,98,18910.0,0,2021.0,280,91485,4,1,69,6,110,6.3,6,94
1929,241,24450.0,0,2017.0,136,33930,4,0,98,7,136,5.5,24,226
1930,99,27310.0,0,2024.0,881,4981,4,0,32,7,131,6.1,6,95
1932,50,97730.0,0,2022.0,697,18170,3,0,88,22,341,8.2,2,370
1933,252,18210.0,0,2023.0,542,9380,4,1,50,5,93,5.3,26,263
1934,15,58900.0,0,2023.0,674,22575,3,0,64,11,204,5.2,2,64
1935,278,17840.0,0,2020.0,456,111546,4,1,54,5,101,4.2,28,8
1936,414,26980.0,0,2020.0,720,110066,3,1,13,8,150,4.6,36,378
1937,373,33910.0,0,2020.0,120,97695,4,0,86,18,290,6.5,31,245
1938,103,19180.0,0,2022.0,717,40714,4,1,49,4,83,5.6,6,99
1939,124,30760.0,0,2024.0,758,11,3,1,49,6,115,5.3,8,167
1940,49,44260.0,0,2014.0,0,195140,4,0,65,31,420,7.5,2,335
1941,263,24450.0,0,2020.0,810,57421,4,0,41,7,131,5.2,27,216
1942,260,20380.0,0,2021.0,797,51074,4,0,67,5,101,5.8,27,150
1943,278,25180.0,0,2023.0,132,7590,4,0,66,5,101,5.4,28,8
1944,228,34100.0,0,2018.0,391,114295,3,0,86,9,170,4.7,22,196
1945,216,40840.0,0,2019.0,668,75075,3,0,14,11,204,5.0,22,133
1946,282,31480.0,0,2022.0,140,37763,3,0,22,7,131,5.2,28,14
1950,6,32160.0,0,2020.0,275,51060,4,0,64,11,200,7.0,2,54
1951,79,49960.0,0,2020.0,56,82229,4,0,31,19,306,6.9,4,413
1952,287,22550.0,0,2020.0,788,56385,4,0,69,6,130,5.1,28,19
1953,84,26480.0,0,2008.0,248,194758,4,0,88,27,355,9.6,4,418
1954,341,20320.0,0,2022.0,278,23568,4,1,102,5,90,5.2,30,145
1956,71,84050.0,0,2017.0,859,46970,4,0,101,34,450,9.3,4,360
1958,168,26400.0,0,2018.0,313,122234,3,1,102,7,161,6.4,12,305
1959,69,52020.0,0,2020.0,532,30800,4,0,102,21,327,7.5,4,358
1960,408,26960.0,1,2020.0,81,54776,3,0,94,6,120,4.0,36,285
1961,228,40850.0,0,2017.0,454,78398,4,0,102,12,211,6.5,22,196
1962,66,43040.0,1,2022.0,58,65848,3,0,51,8,150,4.8,4,355
1964,280,10940.0,0,2012.0,672,159895,4,1,49,9,156,5.6,28,12
1965,29,42810.0,0,2021.0,326,28419,4,0,86,8,150,5.9,2,295
1966,32,39630.0,0,2018.0,731,78387,3,0,36,9,163,5.0,2,298
1967,131,33620.0,0,2023.0,407,19698,4,0,24,7,131,6.0,9,10
1968,107,23420.0,0,2022.0,682,37748,3,1,93,6,110,4.4,6,103
1973,261,13620.0,0,2018.0,434,102537,3,1,30,5,99,3.3,27,154
1976,421,32470.0,0,2018.0,20,68216,3,0,32,8,150,4.5,36,388
1977,278,18340.0,0,2021.0,109,53206,4,1,49,5,101,5.4,28,8
1978,281,23500.0,0,2019.0,871,101228,3,1,24,6,131,4.2,28,13
1979,346,17640.0,0,2020.0,375,65933,3,1,76,6,116,4.3,30,237
1980,117,38490.0,1,2023.0,506,189,3,1,50,7,140,8.5,6,235
1981,307,91980.0,0,2020.0,720,42769,4,0,86,25,366,9.0,29,36
1982,217,100180.0,0,2019.0,240,64900,4,0,87,42,510,10.1,22,134
1983,212,31620.0,0,2020.0,619,25538,3,0,64,6,116,3.8,22,129
1984,278,25930.0,1,2023.0,269,22834,3,1,54,5,75,4.0,28,8
1985,278,28320.0,0,2022.0,264,48222,4,0,49,5,101,5.5,28,8
1987,118,38210.0,0,2023.0,282,1,3,1,49,7,145,7.2,6,236
1990,112,23160.0,0,2020.0,751,84297,4,1,102,7,131,5.3,6,108
1992,276,12520.0,0,2020.0,944,41862,4,1,49,4,83,4.7,28,6
1993,168,46230.0,0,2020.0,356,31250,3,0,86,11,200,7.3,12,305
1994,367,18440.0,0,2021.0,447,58145,4,1,64,6,116,5.7,31,76
1995,136,8940.0,0,2013.0,599,70638,4,1,53,4,86,3.6,11,25
1996,420,53410.0,0,2023.0,1,36771,3,0,86,8,150,5.7,36,387
1997,278,28390.0,0,2023.0,548,11996,4,1,66,5,101,5.3,28,8
1999,421,29160.0,0,2018.0,259,122599,3,0,50,8,150,5.7,36,388
2000,310,198120.0,1,2017.0,244,61488,4,0,60,49,581,7.6,29,39
2001,278,28010.0,0,2024.0,195,1240,4,0,40,5,101,5.4,28,8
2002,343,30870.0,0,2020.0,661,96943,3,0,69,9,161,5.1,30,171
2003,133,56600.0,0,2021.0,105,10700,5,0,72,10,225,1.6,9,35
2004,287,20070.0,0,2019.0,216,112409,3,1,74,6,131,3.7,28,19
2006,122,10590.0,0,2013.0,343,92318,4,1,72,7,105,6.0,8,165
2007,56,26660.0,0,2017.0,742,26564,3,0,69,7,150,3.8,4,345
2008,287,34770.0,0,2018.0,442,34583,3,0,66,9,177,4.2,28,19
2009,341,12990.0,0,2021.0,553,68401,4,1,93,5,101,5.2,30,145
2010,353,19020.0,0,2020.0,279,52237,4,1,69,6,116,5.3,30,257
2011,99,20720.0,0,2022.0,146,47316,4,1,54,6,110,5.8,6,95
2012,157,41300.0,0,2017.0,319,112690,4,1,73,24,350,6.3,12,186
2014,432,19090.0,0,2015.0,95,220350,3,0,53,10,181,4.4,37,426
2015,430,38590.0,0,2021.0,93,119669,3,0,72,10,190,5.0,37,424
2016,402,11380.0,0,2016.0,630,208050,3,0,86,5,110,3.6,36,204
2017,71,65980.0,0,2018.0,728,92840,4,0,45,34,450,6.7,4,360
2019,30,43130.0,0,2021.0,869,117612,3,0,102,8,150,5.9,2,296
2021,355,21560.0,0,2022.0,413,70680,3,1,102,6,116,4.5,30,259
2023,244,39360.0,0,2020.0,34,26234,4,0,86,13,231,6.4,24,229
2024,419,37730.0,0,2020.0,193,77726,3,0,102,8,150,5.0,36,386
2028,413,24270.0,0,2023.0,59,15370,4,1,36,6,110,5.8,36,377
2029,162,21440.0,0,2019.0,632,110207,3,1,3,6,120,4.4,12,243
2030,432,21070.0,0,2013.0,617,149787,3,0,54,10,163,5.6,37,426
2031,402,12900.0,0,2015.0,256,165839,4,1,94,5,105,4.3,36,204
2032,107,25950.0,0,2022.0,787,7669,4,0,82,7,131,5.7,6,103
2035,327,49010.0,0,2016.0,780,121610,4,0,65,31,420,7.8,29,119
2037,121,43850.0,0,2022.0,453,50624,5,0,0,8,245,1.5,7,190
2040,303,18460.0,0,2020.0,252,92904,3,1,4,5,99,4.0,28,283
2041,110,16850.0,0,2021.0,585,90897,3,0,66,6,131,5.1,6,106
2042,274,28060.0,0,2022.0,419,21673,4,0,66,7,131,6.0,28,4
2043,385,21220.0,0,2021.0,906,148504,3,0,49,6,116,5.2,32,339
2044,111,7380.0,0,2005.0,370,54908,3,1,72,6,110,4.6,6,107
2046,343,15980.0,0,2017.0,383,145602,3,1,64,7,131,4.2,30,171
2047,8,17680.0,1,2015.0,952,154828,4,0,48,7,150,4.1,2,57
2048,168,45860.0,0,2020.0,529,31000,3,0,102,11,200,7.3,12,305
2051,336,16810.0,0,2017.0,49,67113,4,0,102,6,118,4.9,30,115
2054,45,159580.0,1,2021.0,699,15960,4,0,88,52,600,12.4,2,331
2056,256,22860.0,0,2018.0,250,48972,4,1,102,6,116,5.1,26,303
2057,32,49480.0,0,2021.0,600,51700,3,0,29,11,190,5.5,2,298
2058,349,41670.0,0,2024.0,932,1,3,1,49,8,150,13.0,30,253
2061,285,15510.0,0,2018.0,196,99432,3,1,64,5,120,3.0,28,17
2062,300,29130.0,0,2020.0,786,35100,3,1,61,7,110,5.7,28,88
2063,278,28010.0,0,2024.0,195,1240,4,0,40,5,101,5.4,28,8
2064,346,24780.0,0,2020.0,588,65291,3,0,64,6,116,4.3,30,237
2066,40,81180.0,0,2020.0,87,104168,4,0,86,34,450,9.2,2,326
2067,147,14540.0,0,2020.0,671,81380,3,1,86,5,95,4.1,11,393
2068,42,40300.0,0,2009.0,792,186000,4,0,64,51,579,14.0,2,328
2070,318,274470.0,1,2023.0,700,12656,4,0,78,37,480,10.9,29,47
2073,274,28900.0,0,2022.0,373,39535,3,0,26,7,131,4.8,28,4
2074,377,33580.0,0,2020.0,137,93234,3,0,49,8,150,5.6,31,384
2075,274,28400.0,0,2022.0,950,34858,4,0,93,7,131,6.0,28,4
2076,417,25740.0,0,2023.0,154,22099,4,1,86,6,110,5.4,36,381
2077,368,21260.0,0,2023.0,718,9247,4,1,94,5,95,5.4,31,77
2079,214,31090.0,0,2021.0,723,54000,3,0,3,8,150,5.1,22,131
2084,89,149840.0,0,2022.0,794,67260,4,0,54,44,530,12.3,4,423
2085,15,56130.0,0,2023.0,540,17072,3,0,102,11,204,5.3,2,64
2086,274,29980.0,0,2022.0,804,55452,4,0,92,7,130,6.0,28,4
2090,416,33620.0,0,2023.0,825,13751,4,1,42,8,150,6.0,36,380
2094,26,28400.0,0,2021.0,461,29315,4,1,36,6,116,6.0,2,292
2095,126,28650.0,0,2024.0,946,12,1,1,64,5,100,7.6,8,233
2098,260,20150.0,0,2022.0,740,34440,4,1,33,5,101,5.5,27,150
2100,298,24400.0,1,2021.0,273,74481,3,0,65,7,130,4.6,28,34
2101,121,43440.0,0,2022.0,798,50151,5,0,0,8,245,1.5,7,190
2103,397,32080.0,0,2017.0,218,37573,4,1,49,8,150,5.1,36,147
2104,267,33920.0,0,2023.0,389,5681,4,0,37,7,131,5.9,27,267
2105,107,25810.0,0,2022.0,945,34936,4,0,54,7,131,5.7,6,103
2106,113,27970.0,0,2024.0,598,11,4,1,54,7,131,6.1,6,109
2107,412,35980.0,0,2018.0,449,87864,4,0,69,9,150,5.9,36,366
2108,11,35450.0,0,2021.0,139,38192,3,0,49,8,150,4.7,2,60
2111,260,22040.0,0,2022.0,54,51258,4,0,28,5,101,5.4,27,150
2112,365,25390.0,0,2022.0,253,95469,3,1,50,7,120,7.3,30,397
2113,278,34980.0,0,2023.0,394,4438,4,0,86,5,100,5.4,28,8
2114,172,22780.0,0,2019.0,954,78722,3,1,49,6,116,4.2,13,401
2116,259,19700.0,0,2020.0,223,118663,4,0,86,8,150,5.7,27,80
2117,413,17400.0,0,2020.0,290,84362,4,1,49,5,95,4.9,36,377
2118,416,44380.0,0,2024.0,160,12,4,0,64,8,150,6.1,36,380
2120,363,18040.0,0,2020.0,802,114150,3,1,49,5,125,5.5,30,395
2121,235,123030.0,1,2018.0,170,26429,4,0,80,41,510,9.4,23,218
2123,1,50360.0,0,2024.0,979,11,4,0,96,11,201,7.0,0,314
2124,32,41800.0,0,2019.0,347,162452,3,0,14,9,163,5.0,2,298
